,Id,Player,Team,Position,Overall%,Individual%,Offensive%,Defensive%
32,620,Quinn Hughes,VAN,D,98.73015873015873,98.4126984126984,99.04761904761905,47.93650793650794
39,297,Josh Morrissey,WPG,D,99.36507936507937,96.19047619047619,97.14285714285714,62.53968253968254
43,61,Roman Josi,NSH,D,100.0,100.0,98.73015873015873,65.71428571428571
51,409,Zach Werenski,CBJ,D,99.68253968253968,99.04761904761905,96.5079365079365,90.15873015873017
52,573,Cale Makar,COL,D,80.63492063492063,99.68253968253968,66.34920634920634,58.0952380952381
57,353,Devon Toews,COL,D,83.80952380952381,97.46031746031746,87.61904761904762,25.396825396825395
70,78,Victor Hedman,T.B,D,98.4126984126984,98.09523809523809,93.65079365079364,86.98412698412699
71,94,Mattias Ekholm,EDM,D,97.77777777777777,99.36507936507937,99.68253968253968,34.285714285714285
78,623,Evan Bouchard,EDM,D,97.46031746031746,97.77777777777777,100.0,31.428571428571427
81,19,Kris Letang,PIT,D,88.25396825396825,94.6031746031746,64.76190476190476,84.44444444444444
88,644,Noah Dobson,NYI,D,95.23809523809523,94.92063492063491,83.4920634920635,60.63492063492063
117,502,Filip Hronek,VAN,D,94.28571428571428,69.84126984126983,81.58730158730158,81.9047619047619
119,724,Thomas Harley,DAL,D,93.01587301587301,95.55555555555556,90.15873015873017,35.23809523809524
124,327,Travis Sanheim,PHI,D,50.476190476190474,89.84126984126985,44.761904761904766,50.476190476190474
128,460,Adam Fox,NYR,D,90.47619047619048,92.6984126984127,96.82539682539682,17.142857142857142
131,58,Erik Karlsson,PIT,D,95.87301587301587,93.33333333333333,98.09523809523809,42.857142857142854
135,153,Dylan DeMelo,WPG,D,85.39682539682539,44.44444444444444,84.12698412698413,75.87301587301587
137,193,Morgan Rielly,TOR,D,88.57142857142857,91.42857142857143,64.44444444444444,92.6984126984127
138,252,MacKenzie Weegar,CGY,D,92.38095238095238,96.82539682539682,80.31746031746032,64.44444444444444
142,359,Gustav Forsling,FLA,D,97.14285714285714,97.14285714285714,97.77777777777777,44.44444444444444
155,232,Jaccob Slavin,CAR,D,95.55555555555556,86.03174603174604,95.23809523809523,60.317460317460316
159,462,Charlie McAvoy,BOS,D,96.5079365079365,92.38095238095238,80.95238095238095,82.22222222222221
162,635,Rasmus Dahlin,BUF,D,89.20634920634922,91.74603174603175,93.01587301587301,35.87301587301587
170,338,Marcus Pettersson,PIT,D,86.34920634920636,61.58730158730159,92.38095238095238,47.3015873015873
172,375,Noah Hanifin,"CGY, VGK",D,91.11111111111111,92.06349206349206,87.3015873015873,53.333333333333336
188,566,Miro Heiskanen,DAL,D,93.33333333333333,90.15873015873017,96.19047619047619,28.888888888888886
207,790,Brock Faber,MIN,D,72.6984126984127,66.66666666666666,62.857142857142854,79.04761904761905
213,52,Drew Doughty,L.A,D,33.96825396825397,56.507936507936506,53.01587301587302,16.507936507936506
218,198,Brady Skjei,CAR,D,65.39682539682539,95.87301587301587,36.507936507936506,69.52380952380952
221,292,Darnell Nurse,EDM,D,75.87301587301587,94.28571428571428,41.269841269841265,93.33333333333333
227,605,Sean Walker,"COL, PHI",D,98.09523809523809,93.65079365079364,94.92063492063491,78.0952380952381
229,698,Bowen Byram,"BUF, COL",D,72.06349206349206,72.6984126984127,48.888888888888886,93.65079365079364
233,48,Ryan McDonagh,NSH,D,84.76190476190476,57.14285714285714,95.87301587301587,36.19047619047619
234,132,Erik Gudbranson,CBJ,D,16.507936507936506,67.93650793650794,19.047619047619047,50.15873015873016
237,376,Rasmus Andersson,CGY,D,90.15873015873017,86.34920634920636,61.26984126984127,98.4126984126984
238,383,Vince Dunn,SEA,D,86.98412698412699,96.5079365079365,65.07936507936508,66.66666666666666
240,28,Jeff Petry,DET,D,68.88888888888889,70.47619047619048,72.06349206349206,73.33333333333333
242,57,Tyler Myers,VAN,D,63.8095238095238,76.5079365079365,54.6031746031746,71.11111111111111
243,86,Nick Leddy,STL,D,46.666666666666664,32.38095238095238,48.57142857142857,62.857142857142854
244,98,David Savard,MTL,D,78.41269841269842,57.77777777777777,61.58730158730159,99.36507936507937
246,150,Josh Manson,COL,D,86.66666666666667,98.73015873015873,86.98412698412699,21.26984126984127
250,371,Darren Raddysh,T.B,D,84.12698412698413,65.71428571428571,86.34920634920636,51.746031746031754
252,422,Ivan Provorov,CBJ,D,54.285714285714285,59.682539682539684,67.61904761904762,20.317460317460316
253,433,Will Borgen,SEA,D,76.19047619047619,75.23809523809524,57.14285714285714,98.09523809523809
263,839,Owen Power,BUF,D,66.66666666666666,63.8095238095238,66.66666666666666,52.6984126984127
264,60,John Carlson,WSH,D,96.19047619047619,83.80952380952381,84.76190476190476,89.52380952380953
266,88,Brayden McNabb,VGK,D,70.15873015873015,60.0,73.01587301587301,43.80952380952381
271,178,Jonas Brodin,MIN,D,82.22222222222221,85.71428571428571,85.39682539682539,23.49206349206349
272,190,Torey Krug,STL,D,84.44444444444444,84.12698412698413,69.84126984126983,84.12698412698413
274,216,Esa Lindell,DAL,D,62.22222222222222,80.63492063492063,51.746031746031754,69.84126984126983
275,229,Jake McCabe,TOR,D,46.03174603174603,65.07936507936508,42.857142857142854,51.42857142857142
277,272,Shea Theodore,VGK,D,93.96825396825396,95.23809523809523,86.03174603174604,42.53968253968254
281,447,Jalen Chatfield,CAR,D,55.87301587301587,90.7936507936508,63.49206349206349,5.396825396825397
282,470,Jakob Chychrun,OTT,D,73.33333333333333,89.20634920634922,45.714285714285715,88.57142857142857
283,708,Moritz Seider,DET,D,81.9047619047619,79.04761904761905,60.952380952380956,87.3015873015873
284,819,Artem Zub,OTT,D,73.65079365079366,64.12698412698413,88.57142857142857,26.031746031746035
287,66,TJ Brodie,TOR,D,49.523809523809526,18.095238095238095,40.63492063492063,77.77777777777779
289,203,Mike Matheson,MTL,D,51.746031746031754,73.65079365079366,32.698412698412696,72.38095238095238
290,218,Shayne Gostisbehere,DET,D,48.888888888888886,80.31746031746032,64.12698412698413,11.746031746031745
292,442,Vladislav Gavrikov,L.A,D,87.61904761904762,75.87301587301587,76.19047619047619,80.63492063492063
300,92,Dmitry Orlov,CAR,D,32.698412698412696,88.25396825396825,33.96825396825397,14.285714285714285
302,205,Cody Ceci,EDM,D,56.82539682539682,56.19047619047619,27.936507936507937,92.06349206349206
306,368,Jake Middleton,MIN,D,56.507936507936506,67.3015873015873,33.65079365079365,90.7936507936508
309,536,Mario Ferraro,S.J,D,88.88888888888889,69.2063492063492,91.42857142857143,63.17460317460317
313,582,Neal Pionk,WPG,D,53.65079365079365,72.38095238095238,20.952380952380953,81.58730158730158
315,597,Nick Perbix,T.B,D,26.666666666666668,30.158730158730158,50.79365079365079,32.38095238095238
316,627,K'Andre Miller,NYR,D,58.41269841269842,58.41269841269842,47.93650793650794,77.14285714285715
318,655,Michael Kesselring,ARI,D,79.36507936507937,89.52380952380953,81.26984126984127,18.73015873015873
325,107,Brenden Dillon,WPG,D,61.58730158730159,63.49206349206349,38.41269841269842,86.98412698412699
327,235,Erik Gustafsson,NYR,D,75.55555555555556,78.41269841269842,86.66666666666667,20.0
331,445,Matt Roy,L.A,D,91.42857142857143,85.39682539682539,84.44444444444444,64.76190476190476
332,607,Sean Durzi,ARI,D,83.17460317460318,83.4920634920635,78.0952380952381,52.38095238095239
334,663,Alexander Romanov,NYI,D,78.0952380952381,64.44444444444444,59.04761904761905,76.5079365079365
337,772,Kaiden Guhle,MTL,D,48.25396825396825,68.88888888888889,47.61904761904761,45.714285714285715
339,833,J.J. Moser,ARI,D,67.61904761904762,56.82539682539682,61.904761904761905,56.507936507936506
340,54,Alex Pietrangelo,VGK,D,96.82539682539682,87.3015873015873,82.22222222222221,99.04761904761905
341,109,Chris Tanev,"CGY, DAL",D,37.46031746031746,22.22222222222222,70.15873015873015,13.015873015873018
342,119,Justin Faulk,STL,D,92.6984126984127,81.9047619047619,79.36507936507937,89.84126984126985
345,214,Colton Parayko,STL,D,27.3015873015873,73.96825396825398,26.34920634920635,40.95238095238095
346,226,Damon Severson,CBJ,D,80.31746031746032,71.74603174603175,85.07936507936508,48.888888888888886
349,300,Nikita Zadorov,"CGY, VAN",D,32.06349206349206,84.44444444444444,15.873015873015872,49.84126984126984
351,424,John Marino,N.J,D,27.936507936507937,33.65079365079365,36.82539682539683,43.492063492063494
357,767,Braden Schneider,NYR,D,71.74603174603175,77.77777777777779,51.42857142857142,87.61904761904762
359,4,Brent Burns,CAR,D,94.6031746031746,85.07936507936508,90.47619047619048,56.19047619047619
363,82,Oliver Ekman-Larsson,FLA,D,64.76190476190476,82.85714285714286,52.6984126984127,49.523809523809526
365,101,Ben Chiarot,DET,D,59.04761904761905,54.920634920634924,44.44444444444444,86.34920634920636
366,108,Radko Gudas,ANA,D,74.28571428571429,82.53968253968253,83.17460317460318,15.238095238095239
368,162,Mike Reilly,"FLA, NYI",D,87.3015873015873,93.01587301587301,91.11111111111111,29.20634920634921
369,172,Adam Larsson,SEA,D,60.952380952380956,60.63492063492063,50.15873015873016,55.87301587301587
370,202,Olli Maatta,DET,D,35.87301587301587,44.761904761904766,73.65079365079366,2.5396825396825395
371,254,Connor Clifton,BUF,D,38.41269841269842,68.25396825396825,36.19047619047619,53.65079365079365
374,434,Alexandre Carrier,NSH,D,23.809523809523807,59.36507936507937,22.53968253968254,25.71428571428571
377,710,Cam York,PHI,D,20.952380952380953,58.0952380952381,14.603174603174605,53.01587301587302
379,737,Jordan Spence,L.A,D,77.77777777777779,67.61904761904762,66.98412698412697,67.61904761904762
381,1,Ryan Suter,DAL,D,34.6031746031746,40.63492063492063,19.682539682539684,58.41269841269842
384,93,Brian Dumoulin,SEA,D,49.84126984126984,48.57142857142857,74.60317460317461,4.444444444444445
387,194,Hampus Lindholm,BOS,D,55.55555555555556,31.11111111111111,68.57142857142857,20.634920634920633
388,210,Jacob Trouba,NYR,D,57.460317460317455,77.14285714285715,34.92063492063492,82.53968253968253
392,414,Thomas Chabot,OTT,D,93.65079365079364,86.98412698412699,85.71428571428571,76.82539682539684
393,461,Ryan Lindgren,NYR,D,29.20634920634921,40.0,33.33333333333333,36.507936507936506
395,545,Mikey Anderson,L.A,D,14.603174603174605,47.93650793650794,17.46031746031746,17.77777777777778
396,565,Henri Jokiharju,BUF,D,41.904761904761905,33.96825396825397,42.22222222222222,55.23809523809524
397,569,Dylan Samberg,WPG,D,30.793650793650794,51.42857142857142,57.460317460317455,5.714285714285714
398,575,Erik Brannstrom,OTT,D,44.12698412698413,62.857142857142854,65.39682539682539,22.53968253968254
403,782,Jake Sanderson,OTT,D,81.58730158730158,72.06349206349206,92.06349206349206,18.095238095238095
404,841,Luke Hughes,N.J,D,61.26984126984127,53.96825396825397,63.17460317460317,33.65079365079365
405,13,Jack Johnson,COL,D,49.2063492063492,60.317460317460316,25.396825396825395,66.98412698412697
407,62,Justin Schultz,SEA,D,37.142857142857146,84.76190476190476,45.07936507936508,13.968253968253968
409,85,Dmitry Kulikov,FLA,D,44.44444444444444,66.98412698412697,29.20634920634921,59.04761904761905
412,234,Brett Kulak,EDM,D,8.571428571428571,64.76190476190476,9.841269841269842,19.365079365079367
413,289,Seth Jones,CHI,D,64.12698412698413,63.17460317460317,82.53968253968253,6.984126984126984
419,647,Rasmus Sandin,WSH,D,42.22222222222222,37.77777777777778,35.55555555555556,66.03174603174602
420,649,Nils Lundkvist,DAL,D,69.52380952380952,74.92063492063492,53.96825396825397,60.952380952380956
425,886,Pavel Mintyukov,ANA,D,76.5079365079365,62.22222222222222,69.2063492063492,88.25396825396825
426,889,Simon Nemec,N.J,D,80.95238095238095,59.04761904761905,76.82539682539684,74.60317460317461
429,125,Cam Fowler,ANA,D,20.634920634920633,11.746031746031745,20.0,72.06349206349206
435,341,Brandon Montour,FLA,D,66.34920634920634,83.17460317460318,43.492063492063494,74.28571428571429
437,437,Niko Mikkola,FLA,D,24.126984126984127,29.841269841269842,16.19047619047619,60.0
439,491,Samuel Girard,COL,D,82.85714285714286,65.39682539682539,77.46031746031747,71.42857142857143
440,568,Timothy Liljegren,TOR,D,80.0,54.6031746031746,75.87301587301587,83.80952380952381
441,584,Jan Rutta,S.J,D,13.65079365079365,40.317460317460316,26.031746031746035,27.936507936507937
444,36,Kevin Shattenkirk,BOS,D,69.2063492063492,76.19047619047619,71.74603174603175,41.269841269841265
445,42,Brendan Smith,N.J,D,36.82539682539683,81.26984126984127,20.634920634920633,75.55555555555556
446,50,Alec Martinez,VGK,D,68.25396825396825,58.730158730158735,40.0,94.92063492063491
449,179,Jamie Oleksiak,SEA,D,79.04761904761905,50.476190476190474,55.87301587301587,96.5079365079365
451,222,Adam Pelech,NYI,D,53.96825396825397,52.06349206349207,46.34920634920635,48.25396825396825
452,269,Ryan Graves,PIT,D,25.71428571428571,51.746031746031754,21.58730158730159,47.61904761904761
454,299,Ryan Pulock,NYI,D,52.6984126984127,46.666666666666664,44.12698412698413,63.49206349206349
455,308,Trevor van Riemsdyk,WSH,D,45.3968253968254,27.3015873015873,68.88888888888889,20.952380952380953
457,399,Brandon Carlo,BOS,D,29.841269841269842,36.82539682539683,22.22222222222222,62.22222222222222
459,493,Jake Bean,CBJ,D,24.444444444444443,61.26984126984127,23.809523809523807,33.96825396825397
460,531,Juuso Valimaki,ARI,D,54.6031746031746,34.92063492063492,77.77777777777779,12.698412698412698
461,547,Urho Vaakanainen,ANA,D,40.95238095238095,28.253968253968253,66.03174603174602,9.841269841269842
464,612,Zach Whitecloud,VGK,D,7.6190476190476195,47.3015873015873,25.71428571428571,10.158730158730158
465,617,Martin Fehervary,WSH,D,44.761904761904766,23.49206349206349,42.53968253968254,61.904761904761905
466,650,Jacob Bernard-Docker,OTT,D,15.555555555555555,43.17460317460318,13.968253968253968,48.57142857142857
468,720,Alex Vlasic,CHI,D,43.492063492063494,14.285714285714285,79.04761904761905,2.857142857142857
471,18,Marc-Edouard Vlasic,S.J,D,74.92063492063492,82.22222222222221,55.23809523809524,93.01587301587301
473,55,Zach Bogosian,"MIN, T.B",D,75.23809523809524,54.285714285714285,67.93650793650794,44.12698412698413
474,104,Nick Jensen,WSH,D,18.095238095238095,27.61904761904762,19.365079365079367,40.63492063492063
475,195,Matt Dumba,"ARI, T.B",D,32.38095238095238,52.6984126984127,10.158730158730158,78.41269841269842
479,348,Jake Walman,DET,D,66.98412698412697,77.46031746031747,39.04761904761905,92.38095238095238
480,413,Jeremy Lauzon,NSH,D,15.873015873015872,68.57142857142857,7.301587301587302,46.03174603174603
481,482,Dante Fabbro,NSH,D,86.03174603174604,78.0952380952381,78.41269841269842,71.74603174603175
486,588,Johnathan Kovacevic,MTL,D,74.60317460317461,74.28571428571429,72.6984126984127,30.793650793650794
487,653,Jordan Harris,MTL,D,60.63492063492063,46.03174603174603,79.68253968253968,14.603174603174605
489,35,Ian Cole,VAN,D,19.682539682539684,15.555555555555555,30.793650793650794,45.3968253968254
491,117,Jon Merrill,MIN,D,23.49206349206349,53.01587301587302,20.317460317460316,33.33333333333333
492,141,Jani Hakanpää,DAL,D,28.888888888888886,34.285714285714285,15.238095238095239,85.39682539682539
498,388,Erik Cernak,T.B,D,22.857142857142858,15.873015873015872,22.857142857142858,57.77777777777777
506,570,Pierre-Olivier Joseph,PIT,D,48.57142857142857,49.84126984126984,27.61904761904762,80.31746031746032
510,736,Jackson LaCombe,ANA,D,30.158730158730158,30.476190476190478,37.142857142857146,70.7936507936508
511,785,Justin Barron,MTL,D,59.682539682539684,70.7936507936508,70.47619047619048,13.65079365079365
514,213,Matt Grzelcyk,BOS,D,62.857142857142854,35.55555555555556,43.17460317460318,81.26984126984127
517,316,Aaron Ekblad,FLA,D,89.84126984126985,80.0,89.20634920634922,38.41269841269842
518,339,Andreas Englund,L.A,D,16.825396825396826,11.428571428571429,12.380952380952381,74.92063492063492
521,516,Vincent Desharnais,EDM,D,1.9047619047619049,11.11111111111111,4.1269841269841265,9.206349206349207
523,533,Nicolas Hague,VGK,D,28.57142857142857,43.80952380952381,28.57142857142857,54.285714285714285
527,643,Kevin Bahl,N.J,D,11.746031746031745,10.476190476190476,21.904761904761905,32.698412698412696
529,673,Scott Perunovich,STL,D,51.42857142857142,21.58730158730159,74.92063492063492,15.873015873015872
530,683,Egor Zamula,PHI,D,10.476190476190476,29.523809523809526,16.507936507936506,21.58730158730159
533,828,Mason Lohrei,BOS,D,47.93650793650794,70.15873015873015,30.158730158730158,73.96825396825398
535,868,Arber Xhekaj,MTL,D,91.74603174603175,81.58730158730158,93.33333333333333,53.96825396825397
537,155,Nick Seeler,PHI,D,94.92063492063491,53.333333333333336,90.7936507936508,80.95238095238095
540,240,Ben Hutton,VGK,D,57.77777777777777,86.66666666666667,65.71428571428571,10.476190476190476
541,247,Nate Schmidt,WPG,D,14.920634920634921,38.41269841269842,38.730158730158735,8.88888888888889
542,257,Josh Brown,ARI,D,69.84126984126983,62.53968253968254,46.98412698412698,99.68253968253968
543,285,Brett Pesce,CAR,D,47.3015873015873,50.79365079365079,23.174603174603174,73.65079365079366
546,480,Andrew Peeke,"BOS, CBJ",D,28.253968253968253,60.952380952380956,32.698412698412696,55.55555555555556
549,495,Mikhail Sergachev,T.B,D,29.523809523809526,55.55555555555556,37.77777777777778,57.460317460317455
551,585,Gustav Lindström,"ANA, MTL",D,31.746031746031743,36.19047619047619,56.82539682539682,18.412698412698415
552,632,Ty Emberson,S.J,D,18.412698412698415,50.15873015873016,58.730158730158735,0.9523809523809524
556,705,Nikita Okhotiuk,"CGY, S.J",D,39.682539682539684,55.87301587301587,24.126984126984127,80.0
557,729,Jayden Struble,MTL,D,33.65079365079365,38.730158730158735,18.412698412698415,57.14285714285714
561,7,Mark Giordano,TOR,D,89.52380952380953,79.36507936507937,91.74603174603175,38.095238095238095
562,11,Alex Goligoski,MIN,D,45.07936507936508,40.95238095238095,39.682539682539684,79.68253968253968
564,91,Tyson Barrie,NSH,D,60.317460317460316,66.03174603174602,23.49206349206349,91.74603174603175
565,137,Jarred Tinordi,CHI,D,27.61904761904762,15.238095238095239,16.825396825396826,95.55555555555556
567,187,Colin Miller,"N.J, WPG",D,78.73015873015873,78.73015873015873,71.42857142857143,30.476190476190478
568,304,Dakota Mermis,MIN,D,40.317460317460316,75.55555555555556,41.904761904761905,24.761904761904763
572,378,Jonas Siegenthaler,N.J,D,33.01587301587301,19.365079365079367,38.095238095238095,68.25396825396825
573,404,Parker Wotherspoon,BOS,D,79.68253968253968,16.19047619047619,92.6984126984127,39.682539682539684
575,483,Josh Mahura,FLA,D,9.523809523809524,48.25396825396825,14.285714285714285,52.06349206349207
576,589,Jacob Bryson,BUF,D,8.253968253968253,25.396825396825395,41.58730158730159,13.333333333333334
578,657,Ilya Lyubushkin,"ANA, TOR",D,26.031746031746035,16.507936507936506,18.73015873015873,77.46031746031747
580,699,Kaedan Korczak,VGK,D,63.49206349206349,74.60317460317461,75.23809523809524,11.428571428571429
582,751,Zac Jones,NYR,D,50.79365079365079,80.95238095238095,34.285714285714285,66.34920634920634
585,880,David Jiricek,CBJ,D,11.11111111111111,46.98412698412698,33.01587301587301,7.301587301587302
586,916,Sam Malinski,COL,D,39.04761904761905,90.47619047619048,31.746031746031743,32.06349206349206
588,64,Marco Scandella,STL,D,22.22222222222222,26.666666666666668,28.253968253968253,26.666666666666668
589,84,Calvin de Haan,T.B,D,35.23809523809524,35.23809523809524,56.19047619047619,17.46031746031746
590,177,Dougie Hamilton,N.J,D,99.04761904761905,91.11111111111111,98.4126984126984,90.47619047619048
591,182,Connor Murphy,CHI,D,54.920634920634924,20.317460317460316,69.52380952380952,46.98412698412698
593,251,Kyle Burroughs,S.J,D,67.93650793650794,25.07936507936508,75.55555555555556,61.26984126984127
599,393,Oliver Kylington,CGY,D,70.47619047619048,79.68253968253968,49.2063492063492,96.19047619047619
600,407,Noah Juulsen,VAN,D,9.206349206349207,20.0,8.88888888888889,51.11111111111111
601,423,Dennis Gilbert,CGY,D,5.079365079365079,46.34920634920635,10.476190476190476,27.61904761904762
604,504,Troy Stecher,"ARI, EDM",D,42.857142857142854,41.58730158730159,46.666666666666664,27.3015873015873
606,535,Conor Timmins,TOR,D,82.53968253968253,76.82539682539684,97.46031746031746,9.523809523809524
607,579,Nick DeSimone,"CGY, N.J",D,87.93650793650794,57.460317460317455,78.73015873015873,72.6984126984127
608,594,Sebastian Aho,NYI,D,53.01587301587302,17.46031746031746,57.77777777777777,63.8095238095238
609,652,Calen Addison,"MIN, S.J",D,39.36507936507937,23.809523809523807,28.888888888888886,68.57142857142857
611,718,Ryan Johnson,BUF,D,46.34920634920635,45.714285714285715,52.38095238095239,39.04761904761905
612,719,Henry Thrun,S.J,D,11.428571428571429,10.158730158730158,24.761904761904763,40.317460317460316
617,829,Matthew Kessel,STL,D,20.317460317460316,22.857142857142858,37.46031746031746,19.047619047619047
621,23,Erik Johnson,"BUF, PHI",D,38.095238095238095,41.904761904761905,15.555555555555555,91.42857142857143
622,63,Travis Hamonic,OTT,D,30.476190476190478,53.65079365079365,6.984126984126984,94.28571428571428
624,166,Joel Edmundson,"TOR, WSH",D,60.0,22.53968253968254,54.285714285714285,70.15873015873015
629,384,Travis Dermott,ARI,D,15.238095238095239,19.047619047619047,6.349206349206349,85.71428571428571
633,625,Mattias Samuelsson,BUF,D,47.61904761904761,13.015873015873018,67.3015873015873,29.523809523809526
634,646,Adam Boqvist,CBJ,D,83.4920634920635,44.12698412698413,54.920634920634924,96.82539682539682
636,682,Brayden Pachal,"CGY, VGK",D,9.841269841269842,61.904761904761905,4.444444444444445,41.58730158730159
637,796,Jamie Drysdale,"ANA, PHI",D,24.761904761904763,39.682539682539684,11.746031746031745,86.03174603174604
639,812,Wyatt Kaiser,CHI,D,20.0,13.968253968253968,50.476190476190474,22.22222222222222
640,814,Isaak Phillips,CHI,D,36.19047619047619,45.07936507936508,13.015873015873018,94.6031746031746
641,861,Olen Zellweger,ANA,D,52.38095238095239,71.11111111111111,31.428571428571427,75.23809523809524
642,881,Kevin Korchinski,CHI,D,67.3015873015873,26.031746031746035,53.65079365079365,88.88888888888889
643,15,Marc Staal,PHI,D,46.98412698412698,34.6031746031746,51.11111111111111,58.730158730158735
645,56,Luke Schenn,NSH,D,31.11111111111111,43.492063492063494,29.523809523809526,31.11111111111111
646,163,Scott Mayfield,NYI,D,8.88888888888889,26.984126984126984,7.936507936507936,43.17460317460318
648,306,Joel Hanley,"CGY, DAL",D,25.07936507936508,13.65079365079365,58.41269841269842,8.571428571428571
649,320,Haydn Fleury,T.B,D,34.285714285714285,73.33333333333333,26.984126984126984,41.904761904761905
651,503,Jacob MacDonald,S.J,D,52.06349206349207,88.88888888888889,62.53968253968254,14.920634920634921
660,685,John Ludvig,PIT,D,17.142857142857142,66.34920634920634,25.07936507936508,34.92063492063492
663,830,Daniil Miromanov,"CGY, VGK",D,77.14285714285715,88.57142857142857,89.52380952380953,6.666666666666667
666,112,Justin Holl,DET,D,19.047619047619047,5.396825396825397,34.6031746031746,31.746031746031743
668,123,Derek Forbort,BOS,D,25.396825396825395,13.333333333333334,46.03174603174603,28.253968253968253
673,248,Chad Ruhwedel,"NYR, PIT",D,1.5873015873015872,17.77777777777778,1.5873015873015872,16.19047619047619
674,255,Carson Soucy,VAN,D,5.396825396825397,18.412698412698415,6.031746031746032,24.126984126984127
675,293,Rasmus Ristolainen,PHI,D,72.38095238095238,51.11111111111111,83.80952380952381,38.730158730158735
677,347,Louie Belpedio,PHI,D,41.58730158730159,87.61904761904762,30.476190476190478,54.6031746031746
678,351,William Lagesson,"ANA, TOR",D,4.444444444444445,8.88888888888889,18.095238095238095,3.8095238095238098
681,406,Caleb Jones,COL,D,23.174603174603174,47.61904761904761,13.65079365079365,54.920634920634924
686,505,Nikita Zaitsev,CHI,D,41.269841269841265,24.761904761904763,40.95238095238095,76.19047619047619
691,659,Declan Chisholm,"MIN, WPG",D,35.55555555555556,21.26984126984127,60.0,22.857142857142858
692,671,Spencer Stastney,NSH,D,57.14285714285714,39.04761904761905,62.22222222222222,30.158730158730158
693,679,Simon Benoit,TOR,D,4.761904761904762,7.301587301587302,12.698412698412698,10.793650793650794
695,707,Samuel Bolduc,NYI,D,12.380952380952381,38.095238095238095,12.063492063492063,33.01587301587301
696,738,Vladislav Kolyachonok,ARI,D,85.71428571428571,93.96825396825396,94.28571428571428,7.936507936507936
700,864,Ryker Evans,SEA,D,45.714285714285715,27.936507936507937,68.25396825396825,3.492063492063492
701,867,Emil Lilleberg,T.B,D,3.492063492063492,9.206349206349207,1.9047619047619049,28.57142857142857
708,329,Tony DeAngelo,CAR,D,59.36507936507937,69.52380952380952,14.920634920634921,97.14285714285714
718,629,Alexander Alexeyev,WSH,D,18.73015873015873,7.6190476190476195,53.333333333333336,19.682539682539684
723,756,Marc Del Gaizo,NSH,D,21.58730158730159,37.46031746031746,17.77777777777778,69.2063492063492
724,760,Louis Crevier,CHI,D,16.19047619047619,8.253968253968253,6.666666666666667,93.96825396825396
726,884,Tristan Luneau,ANA,D,71.42857142857143,71.42857142857143,49.523809523809526,85.07936507936508
728,919,Uvis Balinskis,FLA,D,19.365079365079367,48.888888888888886,11.428571428571429,26.34920634920635
730,70,Jared Spurgeon,MIN,D,61.904761904761905,18.73015873015873,76.5079365079365,23.809523809523807
732,145,John Klingberg,TOR,D,63.17460317460317,25.71428571428571,43.80952380952381,87.93650793650794
733,237,Matthew Benning,S.J,D,50.15873015873016,29.20634920634921,40.317460317460316,65.07936507936508
734,242,Jaycob Megna,CHI,D,40.0,4.761904761904762,45.3968253968254,79.36507936507937
736,310,Jordan Oesterle,CGY,D,43.80952380952381,42.857142857142854,35.23809523809524,67.3015873015873
738,405,Ethan Bear,WSH,D,13.333333333333334,37.142857142857146,11.11111111111111,46.34920634920635
740,485,Logan Stanley,WPG,D,34.92063492063492,49.523809523809526,24.444444444444443,37.142857142857146
742,574,Ian Mitchell,BOS,D,31.428571428571427,6.666666666666667,56.507936507936506,11.11111111111111
745,661,Tyler Tucker,STL,D,17.77777777777778,32.698412698412696,17.142857142857142,46.666666666666664
747,681,Jake Christiansen,CBJ,D,12.698412698412698,24.444444444444443,8.571428571428571,65.39682539682539
748,695,Ronnie Attard,PHI,D,71.11111111111111,73.01587301587301,81.9047619047619,12.063492063492063
752,748,Santeri Hatakka,N.J,D,58.0952380952381,24.126984126984127,60.63492063492063,44.761904761904766
753,754,Maxwell Crozier,T.B,D,53.333333333333336,52.38095238095239,63.8095238095238,24.444444444444443
759,824,Ilya Solovyov,CGY,D,6.031746031746032,45.3968253968254,2.857142857142857,56.82539682539682
760,848,Brandt Clarke,L.A,D,92.06349206349206,87.93650793650794,82.85714285714286,73.01587301587301
761,857,Simon Edvinsson,DET,D,81.26984126984127,49.2063492063492,88.88888888888889,49.2063492063492
762,879,Lane Hutson,MTL,D,76.82539682539684,42.53968253968254,72.38095238095238,83.4920634920635
769,136,Dylan McIlrath,WSH,D,55.23809523809524,28.888888888888886,93.96825396825396,1.5873015873015872
773,349,Mark Friedman,VAN,D,37.77777777777778,12.063492063492063,59.36507936507937,26.984126984126984
775,435,Ryan Shea,PIT,D,7.936507936507936,8.571428571428571,3.8095238095238098,61.58730158730159
777,472,Kale Clague,BUF,D,66.03174603174602,33.01587301587301,77.14285714285715,39.36507936507937
779,500,Jacob Moverare,L.A,D,56.19047619047619,12.698412698412698,39.36507936507937,97.77777777777777
780,508,Hardy Haman Aktell,WSH,D,51.11111111111111,55.23809523809524,60.317460317460316,45.07936507936508
782,537,Cal Foote,N.J,D,6.666666666666667,17.142857142857142,26.666666666666668,21.904761904761905
785,583,Calle Rosen,STL,D,10.158730158730158,31.428571428571427,9.523809523809524,59.36507936507937
789,648,Adam Ginning,PHI,D,22.53968253968254,23.174603174603174,31.11111111111111,25.07936507936508
791,668,Jack St. Ivany,PIT,D,2.5396825396825395,30.793650793650794,3.1746031746031744,8.253968253968253
795,731,Philip Broberg,EDM,D,38.730158730158735,12.380952380952381,29.841269841269842,82.85714285714286
798,761,Nikolai Knyzhov,S.J,D,42.53968253968254,6.984126984126984,89.84126984126985,3.1746031746031744
800,777,Daemon Hunt,MIN,D,65.07936507936508,20.634920634920633,58.0952380952381,64.12698412698413
801,778,Tyler Kleven,OTT,D,43.17460317460318,21.904761904761905,70.7936507936508,23.174603174603174
806,849,Logan Mailloux,MTL,D,90.7936507936508,32.06349206349206,99.36507936507937,50.79365079365079
813,898,Nick Blankenburg,CBJ,D,85.07936507936508,41.269841269841265,80.0,78.73015873015873
820,45,Robert Bortuzzo,"NYI, STL",D,13.968253968253968,5.714285714285714,9.206349206349207,70.7936507936508
821,121,Alex Petrovic,DAL,D,26.984126984126984,35.87301587301587,5.079365079365079,97.46031746031746
823,209,Derrick Pouliot,DAL,D,68.57142857142857,10.793650793650794,49.84126984126984,100.0
829,277,Robert Hagg,ANA,D,70.7936507936508,36.507936507936506,59.682539682539684,91.11111111111111
830,279,Gustav Olofsson,SEA,D,7.301587301587302,3.8095238095238098,2.2222222222222223,98.73015873015873
840,449,Philippe Myers,T.B,D,73.01587301587301,26.34920634920635,73.33333333333333,83.17460317460318
842,458,Max Lajoie,TOR,D,0.9523809523809524,2.5396825396825395,3.492063492063492,7.6190476190476195
843,459,Lucas Johansen,WSH,D,6.349206349206349,6.349206349206349,5.714285714285714,34.6031746031746
844,484,Victor Mete,PHI,D,14.285714285714285,0.9523809523809524,32.06349206349206,89.20634920634922
849,521,Dylan Coghlan,CAR,D,58.730158730158735,31.746031746031743,80.63492063492063,29.841269841269842
851,538,Cale Fleury,SEA,D,62.53968253968254,4.444444444444445,88.25396825396825,6.031746031746032
855,577,Cameron Crotty,ARI,D,2.2222222222222223,9.523809523809524,1.2698412698412698,42.22222222222222
859,600,Philip Kemp,EDM,D,0.6349206349206349,0.31746031746031744,5.396825396825397,1.2698412698412698
860,604,Grant Hutton,NYI,D,73.96825396825398,1.2698412698412698,95.55555555555556,35.55555555555556
871,732,Victor Soderstrom,ARI,D,3.1746031746031744,3.492063492063492,13.333333333333334,12.380952380952381
872,733,Tobias Bjornfot,"FLA, L.A, VGK",D,26.34920634920635,3.1746031746031744,52.06349206349207,36.82539682539683
874,745,Maxence Guenette,OTT,D,36.507936507936506,19.682539682539684,10.793650793650794,84.76190476190476
876,765,Connor Mackey,NYR,D,0.31746031746031744,6.031746031746032,0.6349206349206349,5.079365079365079
878,793,Emil Andrae,PHI,D,10.793650793650794,2.857142857142857,7.6190476190476195,67.93650793650794
879,795,Lukas Cormier,VGK,D,64.44444444444444,33.33333333333333,87.93650793650794,4.761904761904762
880,797,Jack Thompson,"S.J, T.B",D,21.904761904761905,14.920634920634921,71.11111111111111,0.6349206349206349
882,808,Yan Kuznetsov,CGY,D,3.8095238095238098,42.22222222222222,2.5396825396825395,37.46031746031746
883,809,Shakir Mukhamadullin,S.J,D,4.1269841269841265,9.841269841269842,21.26984126984127,6.349206349206349
889,837,Scott Morrow,CAR,D,40.63492063492063,39.36507936507937,55.55555555555556,16.825396825396826
896,862,Ethan Del Mastro,CHI,D,17.46031746031746,1.5873015873015872,74.28571428571429,1.9047619047619049
899,866,Vincent Iorio,WSH,D,6.984126984126984,20.952380952380953,8.253968253968253,15.555555555555555
903,873,Declan Carlile,T.B,D,77.46031746031747,5.079365079365079,94.6031746031746,37.77777777777778
905,875,Brandon Scanlin,NYR,D,1.2698412698412698,0.6349206349206349,0.31746031746031744,68.88888888888889
910,896,Marshall Rifai,TOR,D,21.26984126984127,2.2222222222222223,35.87301587301587,40.0
913,903,Filip Roos,CHI,D,13.015873015873018,4.1269841269841265,4.761904761904762,95.87301587301587
915,905,Maksymilian Szuber,ARI,D,12.063492063492063,7.936507936507936,27.3015873015873,59.682539682539684
919,914,Akito Hirose,VAN,D,5.714285714285714,1.9047619047619049,48.57142857142857,4.1269841269841265
921,918,Cole McWard,VAN,D,2.857142857142857,28.57142857142857,0.9523809523809524,2.2222222222222223
922,921,Nikolas Matinpalo,OTT,D,33.33333333333333,14.603174603174605,73.96825396825398,0.31746031746031744
923,923,Patrik Koch,ARI,D,65.71428571428571,16.825396825396826,47.3015873015873,95.23809523809523
