Id,Player,Team,Position,Overall%,Individual%,Offensive%,Defensive%,GP,Goals,Assists,Points,PIM
1,Matt Cullen,PIT,C,23.924268502581754,50.4302925989673,31.497418244406195,9.46643717728055,71,7,13,20,14
3,Joe Thornton,S.J,C,58.86402753872634,37.8657487091222,67.98623063683304,61.61790017211703,73,16,35,51,20
4,Patrick Marleau,TOR,C,29.08777969018933,37.005163511187604,54.21686746987952,11.187607573149743,82,16,21,37,28
5,Derek MacKenzie,FLA,C,43.54561101549053,85.88640275387263,4.475043029259897,28.055077452667813,1,0,0,0,0
8,Justin Williams,CAR,R,80.03442340791739,62.1342512908778,88.81239242685027,51.11876075731497,82,23,30,53,44
10,Matt Hendricks,"MIN, WPG",C,8.089500860585199,4.991394148020654,24.096385542168676,35.800344234079176,26,0,3,3,19
12,Ilya Kovalchuk,L.A,L,62.306368330464714,86.57487091222032,36.144578313253014,7.228915662650602,64,16,18,34,10
13,Jason Spezza,DAL,C,28.227194492254732,17.21170395869191,35.45611015490533,50.602409638554214,76,8,19,27,29
14,Mikko Koivu,MIN,C,47.67641996557659,30.98106712564544,45.438898450946645,60.24096385542169,48,8,21,29,22
16,Chris Thorburn,STL,R,36.48881239242685,81.58347676419966,6.540447504302927,97.93459552495698,1,0,0,0,0
17,Jason Pominville,BUF,R,98.9672977624785,97.76247848537005,86.23063683304647,52.83993115318416,73,16,15,31,4
18,Tomas Plekanec,MTL,C,97.76247848537005,99.82788296041308,94.66437177280551,4.475043029259897,3,1,0,1,0
19,Valtteri Filppula,NYI,C,31.497418244406195,49.225473321858864,40.27538726333907,17.21170395869191,72,17,14,31,16
21,Frans Nielsen,DET,C,41.480206540447504,59.036144578313255,39.070567986230635,27.36660929432014,72,10,25,35,14
24,Alexander Steen,STL,L,40.963855421686745,41.65232358003442,31.841652323580032,67.46987951807229,65,10,17,27,14
27,Chris Kunitz,CHI,L,23.407917383820998,11.703958691910499,23.924268502581754,86.40275387263338,56,5,5,10,23
28,Eric Staal,MIN,C,73.14974182444061,57.14285714285714,89.328743545611,32.01376936316696,81,22,30,52,34
29,Thomas Vanek,DET,L,14.974182444061961,34.76764199655766,42.68502581755594,13.769363166953527,64,16,20,36,26
33,Jeff Carter,L.A,C,15.66265060240964,15.3184165232358,50.94664371772806,34.42340791738382,76,13,20,33,42
34,Dustin Brown,L.A,R,28.74354561101549,52.667814113597245,62.65060240963856,8.433734939759036,72,22,29,51,24
36,Zach Parise,MIN,L,76.76419965576592,75.5593803786575,80.72289156626506,23.06368330464716,74,28,33,61,26
37,Eric Fehr,MIN,C,4.130808950086059,4.130808950086059,8.089500860585199,55.24956970740104,72,7,8,15,30
38,Ryan Getzlaf,ANA,C,50.08605851979346,24.440619621342513,87.77969018932875,58.17555938037866,67,14,34,48,58
40,Ryan Kesler,ANA,C,3.7865748709122204,3.4423407917383817,39.41480206540447,53.01204819277109,60,5,3,8,44
41,Brian Boyle,"N.J, NSH",C,13.253012048192772,23.06368330464716,20.481927710843372,51.63511187607573,73,18,6,24,38
42,Corey Perry,ANA,R,25.645438898450944,23.924268502581754,25.645438898450944,49.91394148020654,31,6,4,10,27
43,Patrick Eaves,ANA,R,4.647160068846816,3.2702237521514634,37.8657487091222,80.89500860585198,7,0,0,0,4
44,Loui Eriksson,VAN,L,25.12908777969019,19.62134251290878,58.17555938037866,34.93975903614458,81,11,18,29,22
45,Patrice Bergeron,BOS,C,89.1566265060241,73.14974182444061,98.10671256454388,36.83304647160069,65,32,47,79,30
47,David Backes,BOS,R,36.83304647160069,20.998278829604132,33.3907056798623,76.76419965576592,70,7,13,20,31
48,Lee Stempniak,BOS,R,74.87091222030982,84.85370051635111,14.629948364888124,98.45094664371773,2,0,0,0,0
49,Brad Richardson,ARI,C,65.23235800344234,43.54561101549053,67.46987951807229,76.24784853700515,66,19,8,27,22
51,Nate Thompson,"L.A, MTL",C,5.335628227194492,8.261617900172118,12.392426850258175,50.08605851979346,78,5,8,13,17
52,Joe Pavelski,S.J,C,81.23924268502581,78.3132530120482,83.47676419965576,11.703958691910499,75,38,26,64,22
53,Kyle Brodziak,EDM,C,4.819277108433735,6.884681583476763,16.351118760757316,38.7263339070568,70,6,3,9,33
56,Alex Ovechkin,WSH,L,55.93803786574871,70.05163511187608,80.37865748709122,6.540447504302927,81,51,38,89,40
57,Evgeni Malkin,PIT,C,51.63511187607573,51.11876075731497,60.75731497418244,27.882960413080895,68,21,51,72,89
58,Andrew Ladd,NYI,L,11.359724612736661,17.555938037865747,27.710843373493976,24.440619621342513,26,3,8,11,16
59,Blake Wheeler,WPG,R,35.800344234079176,39.93115318416523,75.21514629948365,24.096385542168676,82,20,71,91,60
60,Drew Stafford,N.J,R,24.440619621342513,19.104991394148023,29.08777969018933,68.67469879518072,57,5,8,13,18
61,Alexander Radulov,DAL,R,78.65748709122204,58.519793459552496,98.45094664371773,21.686746987951807,70,29,43,72,54
62,Travis Zajac,N.J,C,66.7814113597246,70.39586919104991,75.90361445783132,17.900172117039588,80,19,27,46,20
64,Blake Comeau,DAL,L,15.834767641996558,9.294320137693632,37.52151462994836,41.13597246127367,77,7,11,18,42
65,Carl Soderberg,COL,C,56.970740103270224,68.15834767641996,67.81411359724613,25.817555938037867,82,23,26,49,26
66,Brandon Dubinsky,CBJ,C,2.9259896729776247,2.4096385542168677,12.564543889845096,24.612736660929432,61,6,8,14,36
68,David Krejci,BOS,C,93.28743545611016,84.16523235800344,85.54216867469879,58.86402753872634,81,20,53,73,16
71,Ryan Callahan,T.B,R,40.44750430292599,54.56110154905336,16.179001721170398,72.63339070567987,52,7,10,17,14
73,Troy Brouwer,FLA,R,20.137693631669535,15.146299483648882,34.42340791738382,60.92943201376936,75,12,9,21,47
75,Adam Cracknell,ANA,R,89.50086058519794,91.73838209982789,29.43201376936317,97.41824440619621,2,0,0,0,0
76,Cody McLeod,"NSH, NYR",L,0.6884681583476765,2.0654044750430294,9.46643717728055,0.5163511187607573,38,1,0,1,67
77,Paul Stastny,VGK,C,77.10843373493977,56.28227194492255,95.18072289156626,31.497418244406195,50,13,29,42,30
78,Sidney Crosby,PIT,C,87.263339070568,67.12564543889845,97.93459552495698,73.66609294320138,79,35,65,100,36
79,Bobby Ryan,OTT,R,29.776247848537007,35.45611015490533,45.26678141135972,43.373493975903614,78,15,27,42,35
81,Anze Kopitar,L.A,C,18.072289156626507,35.28399311531842,65.40447504302927,6.196213425129088,81,22,38,60,30
83,Martin Hanzal,DAL,C,3.4423407917383817,12.908777969018933,57.31497418244407,1.0327022375215147,7,1,1,2,4
84,T.J. Oshie,WSH,R,69.3631669535284,54.73321858864028,63.16695352839932,68.15834767641996,69,25,29,54,36
85,Andrew Cogliano,"ANA, DAL","C, L",33.3907056798623,27.19449225473322,50.08605851979346,66.09294320137694,78,6,11,17,22
87,James Neal,CGY,L,11.703958691910499,23.580034423407916,19.965576592082616,38.89845094664372,63,7,12,19,28
89,Justin Abdelkader,DET,L,8.950086058519794,5.851979345955249,40.103270223752155,27.538726333907054,71,6,13,19,38
94,Vladimir Sobotka,BUF,C,0.8605851979345954,2.5817555938037864,7.228915662650602,7.573149741824441,69,5,8,13,26
96,Tom Pyatt,OTT,L,57.831325301204814,86.91910499139415,4.819277108433735,31.669535283993117,37,0,2,2,2
98,Darren Helm,DET,L,29.259896729776248,27.36660929432014,55.07745266781411,33.734939759036145,61,7,10,17,20
99,Ryan Reaves,VGK,R,38.03786574870912,19.793459552495698,45.61101549053356,69.3631669535284,80,9,11,20,74
101,Patric Hornqvist,PIT,R,68.15834767641996,61.44578313253012,76.07573149741825,54.044750430292595,69,18,19,37,26
104,Stephen Gionta,NYI,"C, R",70.22375215146299,93.97590361445783,1.549053356282272,8.777969018932874,5,0,0,0,0
105,Bryan Little,WPG,C,16.69535283993115,26.333907056798623,49.05335628227194,5.163511187607573,82,15,26,41,26
107,Brad Marchand,BOS,L,77.62478485370052,64.19965576592082,97.59036144578313,8.950086058519794,79,36,64,100,96
108,Nick Foligno,CBJ,L,33.56282271944922,29.259896729776248,52.667814113597245,44.57831325301205,73,17,18,35,44
110,Kyle Okposo,BUF,R,13.941480206540447,13.080895008605854,19.104991394148023,54.56110154905336,78,14,15,29,41
111,Trevor Lewis,L.A,C,66.43717728055077,54.044750430292595,75.5593803786575,59.896729776247845,44,3,9,12,9
112,Leo Komarov,NYI,"C, R",11.876075731497417,8.950086058519794,30.120481927710845,23.924268502581754,82,6,20,26,42
113,Jamie McGinn,FLA,L,19.62134251290878,40.27538726333907,42.3407917383821,8.261617900172118,19,4,3,7,6
115,Milan Lucic,EDM,L,26.333907056798623,6.368330464716007,50.4302925989673,80.72289156626506,79,6,14,20,91
116,Matt Beleskey,NYR,L,7.573149741824441,16.69535283993115,14.285714285714285,92.42685025817556,4,1,0,1,5
117,Cal Clutterbuck,NYI,R,50.25817555938038,23.23580034423408,49.225473321858864,81.41135972461274,73,8,15,23,44
119,Claude Giroux,PHI,C,80.37865748709122,73.8382099827883,90.70567986230637,27.022375215146297,82,22,63,85,24
120,Jordan Staal,CAR,C,79.51807228915662,55.93803786574871,84.85370051635111,70.39586919104991,50,11,17,28,26
121,Patrik Berglund,BUF,C,21.34251290877797,26.850258175559382,6.196213425129088,84.16523235800344,23,2,2,4,6
122,Derick Brassard,"COL, FLA, PIT",C,1.549053356282272,6.540447504302927,9.982788296041308,4.991394148020654,70,14,9,23,39
123,Michael Grabner,ARI,R,46.98795180722892,61.10154905335629,34.76764199655766,64.54388984509465,41,9,7,16,8
124,Phil Kessel,PIT,R,32.358003442340795,66.7814113597246,46.64371772805508,6.368330464716007,82,27,55,82,28
126,Nicklas Backstrom,WSH,C,56.28227194492255,57.6592082616179,64.54388984509465,52.667814113597245,80,22,52,74,30
127,Michael Frolik,CGY,R,76.41996557659209,62.99483648881239,83.8209982788296,46.98795180722892,65,16,18,34,26
128,Artem Anisimov,CHI,C,61.2736660929432,79.17383820998279,53.700516351118765,23.23580034423408,78,15,22,37,14
130,Erik Condra,DAL,R,53.528399311531835,13.769363166953527,88.2960413080895,89.50086058519794,6,1,0,1,2
131,Jonathan Toews,CHI,C,70.91222030981066,63.51118760757315,87.60757314974182,19.27710843373494,82,35,46,81,40
132,Mathieu Perreault,WPG,"C, L",49.5697074010327,14.802065404475043,66.7814113597246,81.58347676419966,82,15,15,30,44
134,Mark Letestu,CBJ,C,50.602409638554214,84.50946643717728,17.03958691910499,99.31153184165233,2,0,0,0,0
136,Alex Killorn,T.B,L,73.32185886402753,48.709122203098104,61.44578313253012,82.61617900172116,82,18,22,40,45
139,Jamie Benn,DAL,L,64.71600688468159,52.49569707401033,93.80378657487091,22.375215146299485,78,27,26,53,56
141,Paul Carey,"BOS, OTT",C,59.896729776247845,86.23063683304647,5.507745266781412,76.592082616179,7,0,0,0,0
142,Nick Bonino,NSH,C,37.177280550774526,53.35628227194492,26.333907056798623,78.65748709122204,81,17,18,35,18
144,Eric Tangradi,N.J,L,97.41824440619621,94.14802065404476,73.66609294320138,83.99311531841653,6,0,1,1,0
147,Pat Maroon,STL,L,33.04647160068847,11.359724612736661,48.709122203098104,60.413080895008605,74,10,18,28,64
148,James van Riemsdyk,PHI,L,34.93975903614458,65.23235800344234,55.42168674698795,18.9328743545611,66,27,21,48,18
149,Paul Byron,MTL,L,52.151462994836486,69.70740103270224,57.48709122203098,36.48881239242685,56,15,16,31,17
150,Sam Gagner,"EDM, VAN",C,65.92082616179002,41.996557659208264,93.11531841652324,58.003442340791736,32,6,7,13,14
151,Logan Couture,S.J,C,60.92943201376936,76.592082616179,85.37005163511188,2.5817555938037864,81,27,43,70,22
153,Anthony Peluso,CGY,R,8.605851979345955,0.6884681583476765,2.5817555938037864,98.62306368330465,4,0,0,0,7
154,Riley Nash,CBJ,C,33.734939759036145,19.965576592082616,21.858864027538726,81.92771084337349,78,3,9,12,19
156,Kyle Turris,NSH,C,12.736660929432015,5.335628227194492,46.98795180722892,15.834767641996558,55,7,16,23,33
157,Brad Malone,EDM,C,10.843373493975903,16.00688468158348,5.335628227194492,97.59036144578313,16,0,0,0,4
159,Brandon Sutter,VAN,C,16.523235800344235,49.5697074010327,18.416523235800344,3.9586919104991396,26,4,2,6,6
160,Colton Sceviour,FLA,C,65.7487091222031,50.25817555938038,59.380378657487086,75.38726333907057,59,5,10,15,15
161,David Perron,STL,L,36.660929432013766,35.628227194492254,46.815834767641995,48.364888123924274,57,23,23,46,46
163,Mario Kempe,ARI,R,27.538726333907054,7.74526678141136,37.34939759036144,82.09982788296041,52,4,5,9,18
165,Patrick Kane,CHI,R,81.06712564543889,86.05851979345955,74.87091222030982,7.74526678141136,81,44,66,110,22
167,Evgenii Dadonov,FLA,R,95.18072289156626,98.2788296041308,82.78829604130809,20.82616179001721,82,28,42,70,8
168,Mikael Backlund,CGY,C,73.8382099827883,60.92943201376936,87.09122203098106,35.9724612736661,77,21,26,47,52
170,Max Pacioretty,VGK,L,40.61962134251291,61.79001721170396,63.339070567986234,3.098106712564544,66,22,18,40,36
171,Jakub Voracek,PHI,R,53.01204819277109,54.21686746987952,81.58347676419966,16.179001721170398,78,20,46,66,25
174,Carl Hagelin,"L.A, PIT, WSH",L,65.57659208261619,36.316695352839936,72.9776247848537,87.4354561101549,58,5,14,19,28
175,Lars Eller,WSH,C,62.47848537005164,49.91394148020654,73.49397590361446,57.6592082616179,81,13,23,36,37
176,Wayne Simmonds,"NSH, PHI",R,16.351118760757316,16.179001721170398,22.89156626506024,50.77452667814114,79,17,13,30,99
179,Micheal Haley,"FLA, S.J",C,26.850258175559382,9.81067125645439,28.399311531841654,74.35456110154905,43,2,4,6,75
180,Zack Smith,OTT,L,12.564543889845096,10.499139414802066,34.93975903614458,67.81411359724613,70,9,19,28,81
181,Jay Beagle,VAN,C,4.3029259896729775,6.024096385542169,19.62134251290878,30.98106712564544,57,3,10,13,18
184,Steven Stamkos,T.B,C,56.62650602409639,64.54388984509465,70.05163511187608,13.941480206540447,82,45,53,98,37
188,Colin Wilson,COL,C,59.20826161790017,74.35456110154905,51.63511187607573,28.399311531841654,65,12,15,27,8
189,Mikkel Boedker,OTT,L,68.84681583476764,92.42685025817556,33.56282271944922,3.2702237521514634,71,7,28,35,6
190,Josh Bailey,NYI,R,62.99483648881239,67.46987951807229,82.44406196213426,22.89156626506024,82,16,40,56,21
196,Jordan Eberle,NYI,"C, R",55.76592082616179,54.90533562822719,85.71428571428571,11.53184165232358,78,19,18,37,17
197,Tyler Ennis,TOR,"C, L",91.39414802065404,99.1394148020654,7.74526678141136,76.41996557659209,51,12,6,18,2
202,Zac Dalpe,CBJ,C,70.39586919104991,93.11531841652324,23.752151462994835,45.61101549053356,1,0,1,1,0
205,Derek Stepan,ARI,C,84.33734939759037,79.00172117039587,84.6815834767642,40.103270223752155,72,15,20,35,14
207,Jori Lehtera,PHI,C,5.679862306368331,1.2048192771084338,17.38382099827883,59.552495697074015,27,1,2,3,33
209,Adam Henrique,ANA,C,47.16006884681583,29.776247848537007,52.151462994836486,64.19965576592082,82,18,24,42,24
211,Dale Weise,"MTL, PHI",R,23.06368330464716,16.523235800344235,25.989672977624785,66.26506024096386,51,5,6,11,19
213,Gustav Nyquist,"DET, S.J","C, R",95.5249569707401,87.60757314974182,96.90189328743546,37.8657487091222,81,22,38,60,12
214,Derek Grant,"ANA, PIT",C,33.218588640275385,28.227194492254732,56.28227194492255,37.693631669535286,56,4,10,14,14
215,Matt Calvert,COL,L,48.53700516351119,23.407917383820998,63.51118760757315,59.20826161790017,82,11,15,26,58
218,Matt Martin,NYI,L,12.908777969018933,4.3029259896729775,22.375215146299485,69.53528399311531,67,6,8,14,53
219,Cam Atkinson,CBJ,R,93.11531841652324,91.91049913941481,92.94320137693632,9.63855421686747,80,41,28,69,20
222,Luke Witkowski,DET,R,6.884681583476763,1.376936316695353,69.87951807228916,10.154905335628227,34,0,2,2,23
223,Zac Rinaldo,NSH,"C, L",6.540447504302927,3.9586919104991396,4.130808950086059,90.0172117039587,23,1,2,3,20
227,Antoine Roussel,VAN,L,58.69191049913941,24.95697074010327,79.86230636833047,76.93631669535283,65,9,22,31,118
228,Tyler Johnson,T.B,C,48.709122203098104,54.38898450946644,86.74698795180723,3.7865748709122204,80,29,18,47,28
230,Mike Hoffman,FLA,L,37.693631669535286,42.857142857142854,57.6592082616179,33.56282271944922,82,36,34,70,30
231,Tyler Bozak,STL,C,39.93115318416523,45.78313253012048,45.955249569707405,46.12736660929432,72,13,25,38,20
232,Marcus Johansson,"BOS, N.J",L,69.19104991394148,78.48537005163512,67.64199655765921,9.982788296041308,58,13,17,30,8
233,Kyle Palmieri,N.J,R,61.96213425129088,37.177280550774526,79.00172117039587,68.50258175559381,74,27,23,50,42
234,Ryan O'Reilly,STL,C,97.93459552495698,96.3855421686747,89.1566265060241,33.218588640275385,82,28,49,77,12
235,Kyle Clifford,L.A,L,75.5593803786575,44.57831325301205,89.84509466437177,64.8881239242685,72,11,10,21,96
236,Alex Chiasson,EDM,R,22.203098106712567,21.686746987951807,39.75903614457831,39.24268502581756,73,22,16,38,32
237,Jakob Silfverberg,ANA,R,51.11876075731497,60.413080895008605,56.454388984509464,51.97934595524957,73,24,19,43,28
238,John Tavares,TOR,C,88.12392426850259,75.21514629948365,97.41824440619621,14.802065404475043,82,47,41,88,34
240,Matt Duchene,"CBJ, OTT",C,96.55765920826161,98.9672977624785,79.69018932874354,15.146299483648882,73,31,39,70,8
241,Evander Kane,S.J,L,74.35456110154905,62.65060240963856,88.46815834767642,31.32530120481928,75,30,26,56,153
242,Brayden Schenn,STL,C,75.04302925989673,50.77452667814114,96.21342512908778,18.072289156626507,72,17,37,54,40
244,Nazem Kadri,TOR,C,46.64371772805508,53.184165232358005,55.93803786574871,49.05335628227194,73,16,28,44,43
245,Magnus Paajarvi,OTT,L,72.63339070567987,82.78829604130809,22.030981067125648,53.528399311531835,80,11,8,19,6
248,Zack Kassian,EDM,R,21.514629948364888,12.736660929432015,70.22375215146299,16.867469879518072,79,15,11,26,102
251,Chris Kreider,NYR,L,77.4526678141136,53.700516351118765,91.22203098106712,81.06712564543889,79,28,24,52,57
254,Reilly Smith,VGK,R,79.17383820998279,77.62478485370052,61.10154905335629,55.76592082616179,74,19,34,53,14
255,Tomas Tatar,MTL,L,89.328743545611,71.25645438898451,98.9672977624785,70.22375215146299,80,25,33,58,34
258,Brandon Pirri,VGK,C,90.36144578313254,76.93631669535283,80.20654044750431,86.74698795180723,31,12,6,18,6
261,Richard Panik,ARI,R,72.28915662650603,48.53700516351119,88.98450946643717,41.65232358003442,75,14,19,33,44
263,Marcus Foligno,MIN,L,31.32530120481928,9.982788296041308,29.604130808950085,87.60757314974182,82,7,12,19,55
265,Craig Smith,NSH,R,83.8209982788296,79.69018932874354,66.95352839931154,43.20137693631669,76,21,17,38,18
267,Casey Cizikas,NYI,C,55.42168674698795,43.88984509466437,44.922547332185886,67.64199655765921,73,20,13,33,36
269,Nicolas Deslauriers,MTL,L,3.614457831325301,3.614457831325301,3.098106712564544,74.01032702237521,48,2,3,5,22
270,Cody Eakin,VGK,C,34.59552495697074,60.06884681583477,28.74354561101549,31.153184165232357,78,22,19,41,16
272,Garrett Wilson,PIT,L,35.111876075731494,39.41480206540447,41.996557659208264,44.061962134251296,50,2,6,8,18
273,Corban Knight,PHI,C,62.1342512908778,90.18932874354562,7.056798623063683,54.21686746987952,23,1,3,4,0
274,Wade Megan,DET,C,29.604130808950085,44.75043029259897,32.358003442340795,22.547332185886404,11,0,1,1,2
275,Gabriel Bourque,COL,L,7.228915662650602,12.392426850258175,15.66265060240964,32.53012048192771,55,2,6,8,10
277,Erik Haula,VGK,"C, L",77.28055077452667,52.151462994836486,88.64027538726333,76.07573149741825,15,2,5,7,10
278,Anders Lee,NYI,L,65.06024096385542,44.061962134251296,92.25473321858864,53.87263339070568,82,28,23,51,58
279,Phil Varone,PHI,C,15.146299483648882,20.82616179001721,15.834767641996558,58.34767641996558,47,3,4,7,8
280,Marcus Kruger,CHI,C,18.244406196213426,6.712564543889846,14.457831325301203,90.87779690189329,74,4,8,12,30
282,Jordan Nolan,STL,C,19.27710843373494,14.457831325301203,73.14974182444061,77.28055077452667,14,0,2,2,14
283,Nic Dowd,WSH,C,49.91394148020654,38.7263339070568,47.50430292598967,78.14113597246127,64,8,14,22,20
284,Justin Dowling,DAL,C,94.14802065404476,91.04991394148021,40.61962134251291,90.36144578313254,11,0,1,1,0
285,Darren Archibald,"OTT, VAN",R,3.9586919104991396,8.777969018932874,11.53184165232358,79.51807228915662,12,1,1,2,12
288,Andrew Agozzino,COL,L,94.83648881239243,95.69707401032701,40.963855421686745,79.34595524956971,11,1,1,2,0
293,Mats Zuccarello,"DAL, NYR","C, R",71.42857142857143,43.029259896729776,81.92771084337349,68.84681583476764,48,12,28,40,24
294,Calle Jarnkrok,NSH,C,58.003442340791736,68.84681583476764,27.36660929432014,57.48709122203098,79,10,16,26,12
295,Oscar Lindberg,"OTT, VGK","C, L",67.29776247848537,51.46299483648882,59.552495697074015,71.9449225473322,55,9,11,20,28
298,Jason Zucker,MIN,L,79.00172117039587,65.7487091222031,87.4354561101549,29.259896729776248,81,21,21,42,28
299,Tyler Toffoli,L.A,R,74.52667814113597,61.61790017211703,84.33734939759037,72.80550774526678,82,13,21,34,23
300,Ryan Spooner,"EDM, NYR, VAN",C,76.592082616179,90.0172117039587,31.153184165232357,43.029259896729776,52,3,6,9,2
301,Johan Larsson,BUF,C,12.220309810671257,4.647160068846816,19.793459552495698,77.62478485370052,73,6,8,14,37
303,Greg McKegg,CAR,C,22.719449225473323,38.55421686746988,33.90705679862307,9.122203098106713,41,6,5,11,8
304,Connor Brickley,NYR,L,22.547332185886404,46.12736660929432,23.407917383820998,80.55077452667814,14,1,3,4,9
305,Jordan Weal,"ARI, MTL, PHI",C,43.029259896729776,10.671256454388985,45.09466437177281,85.71428571428571,63,8,13,21,18
306,Evgeny Kuznetsov,WSH,C,23.752151462994835,34.07917383820998,71.77280550774526,5.507745266781412,76,21,51,72,50
307,Charlie Coyle,"BOS, MIN",C,48.19277108433735,56.11015490533563,64.19965576592082,19.44922547332186,81,12,22,34,20
310,Tyler Pitlick,DAL,C,90.87779690189329,95.00860585197934,36.316695352839936,40.44750430292599,47,8,4,12,6
312,Brock Nelson,NYI,C,63.339070567986234,56.62650602409639,69.70740103270224,44.75043029259897,82,25,28,53,28
314,Devante Smith-Pelly,WSH,R,44.922547332185886,68.67469879518072,15.49053356282272,56.79862306368331,54,4,4,8,15
315,Nick Bjugstad,"FLA, PIT",C,66.95352839931154,51.80722891566265,65.7487091222031,59.72461273666093,64,14,12,26,30
317,Kevin Hayes,"NYR, WPG","C, R",93.63166953528399,80.37865748709122,90.36144578313254,73.49397590361446,71,19,36,55,12
319,Vladimir Tarasenko,STL,R,86.05851979345955,80.20654044750431,94.49225473321859,9.294320137693632,76,33,35,68,22
320,Austin Watson,NSH,L,16.00688468158348,29.948364888123923,15.146299483648882,53.700516351118765,37,7,9,16,39
321,Jaden Schwartz,STL,L,82.78829604130809,76.41996557659209,70.74010327022376,51.46299483648882,69,11,25,36,16
322,Riley Sheahan,"FLA, PIT",C,20.998278829604132,34.42340791738382,17.900172117039588,40.27538726333907,82,9,10,19,17
323,Chris Wagner,BOS,R,25.817555938037867,32.53012048192771,28.57142857142857,39.586919104991395,76,12,7,19,51
324,Jeff Skinner,BUF,"C, L",87.4354561101549,71.77280550774526,98.79518072289156,41.480206540447504,82,40,23,63,36
325,Zach Hyman,TOR,"C, L",61.10154905335629,50.602409638554214,95.5249569707401,12.048192771084338,71,21,20,41,65
327,Taylor Hall,N.J,L,88.2960413080895,72.46127366609294,92.7710843373494,87.09122203098106,33,11,26,37,16
328,Brett Connolly,WSH,R,80.72289156626506,72.28915662650603,86.57487091222032,37.177280550774526,81,22,24,46,24
329,Ryan Johansen,NSH,C,47.50430292598967,32.18588640275387,99.31153184165233,2.2375215146299485,80,14,50,64,42
330,Tyler Seguin,DAL,C,95.86919104991394,90.53356282271945,96.72977624784855,37.52151462994836,82,33,47,80,18
333,Mikael Granlund,"MIN, NSH","C, R",64.37177280550775,55.24956970740104,77.4526678141136,28.57142857142857,79,16,38,54,24
334,Nino Niederreiter,"CAR, MIN",R,71.60068846815835,64.71600688468159,89.50086058519794,37.34939759036144,82,23,30,53,30
335,Joakim Nordstrom,BOS,C,17.38382099827883,31.32530120481928,17.555938037865747,32.70223752151463,70,7,5,12,13
336,Michael Chaput,MTL,C,6.368330464716007,13.253012048192772,6.024096385542169,32.87435456110155,32,0,5,5,14
337,Bryan Rust,PIT,R,46.12736660929432,55.59380378657487,65.57659208261619,25.301204819277107,72,18,17,35,24
338,Joonas Donskoi,S.J,R,91.04991394148021,83.47676419965576,68.84681583476764,62.1342512908778,80,14,23,37,10
339,Tom Kuhnhackl,NYI,R,6.712564543889846,12.220309810671257,13.769363166953527,22.030981067125648,36,4,5,9,10
340,Marcus Sorensen,S.J,L,40.103270223752155,47.50430292598967,47.84853700516351,33.04647160068847,80,17,13,30,23
342,Sam Carrick,ANA,C,1.0327022375215147,3.7865748709122204,4.991394148020654,13.425129087779691,6,0,1,1,2
343,Kenny Agostino,"MTL, N.J",L,41.996557659208264,15.49053356282272,38.7263339070568,87.263339070568,63,6,18,24,34
344,Brendan Gallagher,MTL,R,87.09122203098106,66.95352839931154,98.2788296041308,46.47160068846816,82,33,19,52,49
345,Jesper Fast,NYR,R,46.29948364888124,18.588640275387263,63.16695352839932,66.7814113597246,66,8,12,20,26
351,Micheal Ferland,CAR,L,42.68502581755594,51.97934595524957,46.29948364888124,46.64371772805508,71,17,23,40,58
352,Mark Stone,"OTT, VGK",R,88.46815834767642,69.01893287435456,99.48364888123923,75.90361445783132,77,33,40,73,27
354,Ben Street,ANA,C,32.53012048192771,72.9776247848537,8.777969018932874,14.457831325301203,21,3,2,5,2
356,Matt Read,MIN,R,41.13597246127367,29.08777969018933,67.29776247848537,63.683304647160064,12,1,0,1,2
358,Cory Conacher,T.B,C,28.055077452667813,0.8605851979345954,61.61790017211703,99.82788296041308,1,0,0,0,2
359,Brian Gibbons,"ANA, OTT","C, L",18.76075731497418,27.022375215146297,43.373493975903614,11.015490533562824,64,8,11,19,20
360,Colin Blackwell,NSH,C,31.841652323580032,12.048192771084338,30.46471600688468,88.46815834767642,6,0,0,0,2
361,Matthew Peca,MTL,C,26.161790017211707,68.50258175559381,2.753872633390706,5.335628227194492,39,3,7,10,4
362,Ryan Dzingel,"CBJ, OTT","C, L",38.7263339070568,52.83993115318416,69.19104991394148,3.4423407917383817,78,26,30,56,29
363,Ondrej Palat,T.B,L,35.9724612736661,38.89845094664372,58.003442340791736,26.850258175559382,64,8,26,34,20
364,Scott Wilson,BUF,L,22.375215146299485,38.38209982788296,16.867469879518072,58.69191049913941,15,0,3,3,4
365,Lukas Sedlak,CBJ,C,39.41480206540447,24.78485370051635,12.048192771084338,91.04991394148021,47,4,2,6,10
367,Max McCormick,OTT,L,13.59724612736661,21.514629948364888,24.95697074010327,22.719449225473323,14,1,0,1,4
368,Josh Archibald,ARI,R,27.36660929432014,50.08605851979346,32.87435456110155,13.253012048192772,68,12,10,22,15
369,Travis Boyd,WSH,C,39.75903614457831,71.9449225473322,40.79173838209983,23.407917383820998,53,5,15,20,6
371,Johnny Gaudreau,CGY,L,86.91910499139415,83.8209982788296,86.40275387263338,16.69535283993115,82,36,63,99,24
372,Tobias Rieder,EDM,R,60.06884681583477,77.4526678141136,21.17039586919105,82.78829604130809,67,0,11,11,8
374,Blake Pietila,N.J,L,2.753872633390706,3.098106712564544,15.3184165232358,26.161790017211707,19,0,1,1,6
376,Sean Kuraly,BOS,C,22.030981067125648,20.65404475043029,43.029259896729776,59.036144578313255,71,8,13,21,38
377,Andrew Shaw,MTL,R,55.59380378657487,65.40447504302927,83.13253012048193,17.728055077452666,63,19,28,47,71
378,Vincent Trocheck,FLA,C,44.23407917383821,25.47332185886403,74.35456110154905,21.858864027538726,55,10,24,34,54
379,Adam Lowry,WPG,C,52.667814113597245,25.989672977624785,50.25817555938038,81.75559380378658,78,12,11,23,33
380,Nick Cousins,ARI,C,45.61101549053356,30.292598967297764,70.56798623063683,28.74354561101549,81,7,20,27,35
381,Steven Fogarty,NYR,C,60.24096385542169,88.12392426850259,9.81067125645439,66.95352839931154,10,0,0,0,0
382,Blake Coleman,N.J,C,53.35628227194492,46.47160068846816,80.03442340791739,30.46471600688468,78,22,14,36,71
384,Alan Quine,CGY,C,10.154905335628227,14.113597246127366,18.9328743545611,71.08433734939759,13,3,2,5,6
385,Josh Leivo,"TOR, VAN",L,70.05163511187608,39.070567986230635,65.23235800344234,87.77969018932875,76,14,10,24,32
386,Kyle Rau,MIN,C,98.10671256454388,95.86919104991394,29.776247848537007,94.14802065404476,6,0,1,1,0
387,Jean-Gabriel Pageau,OTT,C,42.857142857142854,33.3907056798623,48.19277108433735,67.12564543889845,39,4,8,12,14
389,Reid Boucher,VAN,C,67.81411359724613,81.41135972461274,44.061962134251296,87.95180722891565,1,0,0,0,0
390,Ty Rattie,EDM,R,92.25473321858864,89.1566265060241,64.37177280550775,64.71600688468159,50,4,7,11,4
391,Rocco Grimaldi,NSH,C,74.01032702237521,63.85542168674698,43.88984509466437,91.22203098106712,53,5,8,13,10
394,Boone Jenner,CBJ,C,41.82444061962134,49.05335628227194,62.1342512908778,17.38382099827883,77,16,22,38,42
395,Dmitrij Jaskin,WSH,R,69.70740103270224,60.24096385542169,59.20826161790017,88.64027538726333,37,2,6,8,6
396,Victor Rask,"CAR, MIN",C,13.080895008605854,22.375215146299485,17.21170395869191,63.85542168674698,49,3,6,9,8
397,Brandon Saad,CHI,L,89.84509466437177,85.71428571428571,82.27194492254733,45.78313253012048,80,23,24,47,12
398,Brett Ritchie,DAL,R,2.4096385542168677,5.679862306368331,9.294320137693632,31.841652323580032,53,4,2,6,57
399,Markus Granlund,VAN,C,45.09466437177281,30.46471600688468,48.02065404475043,78.3132530120482,77,12,10,22,20
401,Matt Nieto,COL,L,79.34595524956971,72.1170395869191,71.25645438898451,49.5697074010327,64,4,19,23,8
403,Miikka Salomaki,NSH,R,46.815834767641995,29.604130808950085,20.137693631669535,89.1566265060241,37,3,4,7,8
404,William Karlsson,VGK,C,72.1170395869191,79.86230636833047,60.58519793459553,25.989672977624785,82,24,32,56,16
406,Nikita Kucherov,T.B,R,71.08433734939759,65.06024096385542,95.35283993115318,5.851979345955249,82,41,87,128,62
407,Ryan Nugent-Hopkins,EDM,C,41.65232358003442,59.72461273666093,56.970740103270224,9.81067125645439,82,28,41,69,26
408,Gabriel Landeskog,COL,L,69.53528399311531,53.01204819277109,90.53356282271945,37.005163511187604,73,34,41,75,51
409,Jonathan Huberdeau,FLA,L,78.48537005163512,69.19104991394148,93.97590361445783,17.03958691910499,82,30,62,92,40
411,Ryan Strome,"EDM, NYR",C,17.03958691910499,6.196213425129088,52.49569707401033,62.99483648881239,81,19,16,35,64
412,Mika Zibanejad,NYR,C,67.46987951807229,45.61101549053356,72.1170395869191,77.4526678141136,82,30,44,74,47
413,Mark Scheifele,WPG,C,60.58519793459553,70.74010327022376,72.28915662650603,26.506024096385545,82,38,46,84,38
414,Sean Couturier,PHI,C,89.67297762478485,75.38726333907057,96.3855421686747,61.2736660929432,80,33,43,76,34
418,Sven Baertschi,VAN,L,53.87263339070568,68.33046471600689,55.24956970740104,15.3184165232358,26,9,5,14,6
420,J.T. Miller,T.B,C,49.39759036144578,24.096385542168676,53.87263339070568,72.1170395869191,75,13,34,47,30
421,Joel Armia,MTL,R,60.413080895008605,73.49397590361446,27.882960413080895,53.35628227194492,57,13,10,23,14
425,Stefan Noesen,N.J,R,15.3184165232358,18.244406196213426,24.268502581755595,34.76764199655766,41,3,5,8,28
427,Matt Puempel,DET,L,9.46643717728055,15.834767641996558,8.605851979345955,84.85370051635111,8,1,0,1,2
428,Phillip Danault,MTL,C,67.12564543889845,38.209982788296045,96.04130808950086,23.580034423407916,81,12,41,53,39
429,Vladislav Namestnikov,NYR,C,28.57142857142857,17.03958691910499,42.857142857142854,71.42857142857143,78,11,20,31,44
430,Rickard Rakell,ANA,"C, L",56.454388984509464,51.63511187607573,79.51807228915662,32.358003442340795,69,18,25,43,27
432,Jonathan Marchessault,VGK,C,37.34939759036144,56.970740103270224,60.413080895008605,12.564543889845096,82,25,34,59,52
433,Kurtis Gabriel,N.J,R,4.475043029259897,7.228915662650602,20.998278829604132,21.34251290877797,22,2,2,4,59
434,Tomas Hyka,VGK,R,84.85370051635111,66.43717728055077,93.28743545611016,73.8382099827883,17,1,3,4,2
435,Barclay Goodrow,S.J,R,17.728055077452666,8.089500860585199,6.884681583476763,90.18932874354562,82,7,10,17,76
439,J.T. Brown,MIN,R,9.122203098106713,5.507745266781412,13.941480206540447,56.454388984509464,56,3,5,8,29
441,Luke Glendening,DET,C,30.292598967297764,46.64371772805508,34.251290877796905,24.95697074010327,78,10,13,23,15
442,Yanni Gourde,T.B,C,49.225473321858864,40.79173838209983,72.1170395869191,34.07917383820998,80,22,26,48,66
444,Alex Galchenyuk,ARI,C,21.686746987951807,28.74354561101549,49.91394148020654,18.588640275387263,72,19,22,41,34
448,Pontus Aberg,"ANA, MIN",L,45.438898450946645,42.3407917383821,66.26506024096386,52.323580034423415,59,12,13,25,20
449,Phillip Di Giuseppe,"CAR, NSH",L,16.179001721170398,20.137693631669535,24.78485370051635,55.93803786574871,24,1,3,4,8
450,Brendan Gaunce,VAN,C,96.3855421686747,98.10671256454388,61.2736660929432,96.90189328743546,3,1,2,3,0
452,Tanner Pearson,"L.A, PIT, VAN",L,32.87435456110155,43.71772805507745,36.660929432013766,43.71772805507745,80,18,9,27,25
453,Scott Laughton,PHI,C,20.309810671256454,27.538726333907054,48.88123924268503,19.104991394148023,82,12,20,32,53
454,Mark Jankowski,CGY,C,44.75043029259897,66.60929432013769,22.203098106712567,42.68502581755594,79,14,18,32,12
458,Zemgus Girgensons,BUF,C,30.120481927710845,32.87435456110155,20.82616179001721,70.74010327022376,72,5,13,18,17
460,Tom Wilson,WSH,R,31.669535283993117,48.88123924268503,85.02581755593803,6.024096385542169,63,22,18,40,128
461,Tomas Hertl,S.J,C,80.20654044750431,81.23924268502581,86.91910499139415,7.917383820998279,77,35,39,74,18
462,Teuvo Teravainen,CAR,L,86.40275387263338,89.67297762478485,56.11015490533563,62.306368330464714,82,21,55,76,12
466,Filip Forsberg,NSH,L,81.58347676419966,74.69879518072288,99.65576592082617,8.089500860585199,64,28,22,50,26
467,Radek Faksa,DAL,C,11.53184165232358,13.425129087779691,35.28399311531842,14.629948364888124,81,15,15,30,54
470,Brendan Leipsic,"L.A, VAN",L,22.89156626506024,22.89156626506024,34.07917383820998,57.831325301204814,62,7,16,23,24
471,Oskar Sundqvist,STL,C,34.76764199655766,52.323580034423415,32.70223752151463,36.144578313253014,74,14,17,31,22
473,Chandler Stephenson,WSH,C,65.40447504302927,87.77969018932875,10.154905335628227,43.88984509466437,64,5,6,11,0
475,Mackenzie MacEachern,STL,L,24.95697074010327,35.800344234079176,18.588640275387263,45.438898450946645,29,3,2,5,10
476,Devin Shore,"ANA, DAL",C,38.38209982788296,58.003442340791736,52.323580034423415,12.736660929432015,76,10,19,29,13
477,Jujhar Khaira,EDM,L,17.21170395869191,8.605851979345955,27.538726333907054,75.21514629948365,60,3,15,18,43
479,Jimmy Vesey,NYR,L,54.90533562822719,61.96213425129088,77.28055077452667,11.876075731497417,81,17,18,35,21
480,Chris Tierney,OTT,C,33.90705679862307,60.58519793459553,54.044750430292595,7.056798623063683,81,9,39,48,26
481,Jordan Martinook,CAR,L,58.17555938037866,46.29948364888124,71.42857142857143,52.151462994836486,82,15,10,25,38
482,Boo Nieves,NYR,C,8.261617900172118,20.481927710843372,12.220309810671257,16.523235800344235,43,4,6,10,8
484,Martin Frk,DET,R,48.364888123924274,78.65748709122204,21.34251290877797,21.514629948364888,30,1,5,6,4
485,Colton Sissons,NSH,C,40.79173838209983,33.56282271944922,25.47332185886403,74.18244406196214,75,15,15,30,23
486,Teddy Blueger,PIT,C,21.858864027538726,23.752151462994835,22.719449225473323,72.46127366609294,28,6,4,10,15
488,Brock McGinn,CAR,L,26.67814113597246,56.454388984509464,14.802065404475043,24.78485370051635,82,10,16,26,20
490,Charles Hudon,MTL,L,9.294320137693632,25.12908777969019,12.736660929432015,33.90705679862307,32,3,2,5,16
491,Dominic Toninato,COL,C,92.94320137693632,97.59036144578313,91.91049913941481,0.34423407917383825,2,1,0,1,0
494,Andreas Athanasiou,DET,C,50.4302925989673,63.683304647160064,66.60929432013769,11.359724612736661,76,30,24,54,38
495,Gemel Smith,"BOS, DAL",C,74.18244406196214,93.28743545611016,22.547332185886404,40.963855421686745,17,2,1,3,0
497,Kevin Roy,ANA,L,96.04130808950086,89.328743545611,66.09294320137694,98.9672977624785,3,0,0,0,0
498,Cedric Paquette,T.B,C,9.982788296041308,17.900172117039588,8.433734939759036,41.30808950086058,80,13,4,17,80
500,Josh Anderson,CBJ,R,54.21686746987952,53.87263339070568,77.62478485370052,48.02065404475043,82,27,20,47,60
501,Danny O'Regan,BUF,C,86.57487091222032,95.5249569707401,0.34423407917383825,98.10671256454388,1,0,0,0,0
504,Vinnie Hinostroza,ARI,C,85.54216867469879,79.51807228915662,75.38726333907057,61.44578313253012,72,16,23,39,14
506,Joseph Blandisi,"ANA, PIT",C,6.024096385542169,9.46643717728055,13.59724612736661,30.808950086058516,9,0,0,0,6
507,Connor Brown,TOR,R,25.301204819277107,44.23407917383821,10.499139414802066,66.43717728055077,82,8,21,29,16
509,Alexander Kerfoot,COL,C,46.47160068846816,21.17039586919105,54.56110154905336,69.70740103270224,78,15,27,42,38
516,Tim Schaller,VAN,C,48.02065404475043,34.59552495697074,57.831325301204814,61.10154905335629,47,3,7,10,9
519,Carter Rowney,ANA,"C, R",43.373493975903614,44.922547332185886,49.39759036144578,70.05163511187608,62,7,13,20,12
521,Michael Raffl,PHI,L,14.285714285714285,11.187607573149743,28.915662650602407,49.39759036144578,67,6,12,18,32
522,Anton Blidh,BOS,L,41.30808950086058,83.99311531841653,0.17211703958691912,93.45955249569707,1,0,0,0,0
524,Andreas Johnsson,TOR,L,67.98623063683304,53.528399311531835,76.24784853700515,47.332185886402755,73,20,23,43,32
527,Tyler Motte,VAN,C,34.07917383820998,70.91222030981066,25.301204819277107,29.776247848537007,74,9,7,16,10
529,Saku Maenalanen,CAR,R,25.47332185886403,45.438898450946645,30.292598967297764,10.499139414802066,34,4,4,8,20
531,Luke Johnson,CHI,C,2.2375215146299485,5.163511187607573,33.734939759036145,0.6884681583476765,15,0,1,1,8
532,Jonny Brodzinski,L.A,L,47.84853700516351,69.53528399311531,23.580034423407916,73.32185886402753,13,2,1,3,2
534,Tyrell Goulbourne,PHI,L,90.18932874354562,94.49225473321859,1.7211703958691909,99.48364888123923,2,0,0,0,0
535,John Hayden,CHI,R,12.048192771084338,7.056798623063683,12.908777969018933,80.37865748709122,54,3,2,5,27
536,Pavel Buchnevich,NYR,R,72.46127366609294,74.01032702237521,69.01893287435456,33.3907056798623,64,21,17,38,13
537,Jake Guentzel,PIT,"C, L",90.0172117039587,77.28055077452667,97.76247848537005,42.857142857142854,82,40,36,76,26
538,Mattias Janmark,DAL,C,29.43201376936317,19.44922547332186,42.168674698795186,48.19277108433735,81,6,19,25,24
539,Anthony Duclair,"CBJ, OTT",L,54.38898450946644,67.98623063683304,58.519793459552496,35.45611015490533,74,19,14,33,14
540,Sven Andrighetto,COL,R,52.83993115318416,61.2736660929432,41.480206540447504,72.9776247848537,64,7,10,17,14
541,Oliver Bjorkstrand,CBJ,R,94.32013769363166,92.94320137693632,61.79001721170396,72.28915662650603,77,23,13,36,8
542,Peter Cehlarik,BOS,L,68.67469879518072,35.9724612736661,87.263339070568,56.62650602409639,20,4,2,6,6
543,Miles Wood,N.J,L,48.88123924268503,47.332185886402755,65.92082616179002,34.251290877796905,63,10,14,24,91
544,Nick Paul,OTT,L,64.54388984509465,41.82444061962134,74.18244406196214,91.73838209982789,20,1,1,2,4
545,Andrew Copp,WPG,C,95.00860585197934,88.64027538726333,75.04302925989673,85.54216867469879,69,11,14,25,6
548,Andre Burakovsky,WSH,L,55.07745266781411,70.56798623063683,43.20137693631669,55.07745266781411,76,12,13,25,14
550,Marko Dano,COL,C,4.991394148020654,1.7211703958691909,18.072289156626507,83.13253012048193,8,0,0,0,7
551,Jason Dickinson,DAL,C,42.51290877796902,26.67814113597246,53.184165232358005,70.91222030981066,67,6,16,22,23
552,Ryan Hartman,"NSH, PHI",R,24.096385542168676,36.144578313253014,48.364888123924274,18.416523235800344,83,12,14,26,74
554,Adam Erne,T.B,L,32.70223752151463,20.309810671256454,26.850258175559382,79.00172117039587,65,7,13,20,40
555,Jacob de la Rose,DET,"C, L",5.163511187607573,11.015490533562824,11.359724612736661,49.74182444061962,60,3,6,9,16
556,J.T. Compher,COL,L,19.104991394148023,32.70223752151463,36.48881239242685,19.62134251290878,66,16,16,32,31
557,Valentin Zykov,"CAR, EDM, VGK",L,75.21514629948365,81.06712564543889,16.69535283993115,78.82960413080895,28,2,3,5,2
558,Laurent Dauphin,ARI,C,99.1394148020654,96.55765920826161,73.8382099827883,93.11531841652324,1,0,0,0,0
559,Remi Elie,BUF,L,7.401032702237521,25.817555938037867,3.7865748709122204,42.168674698795186,16,0,1,1,2
562,Nic Petan,"TOR, WPG","C, L",47.332185886402755,47.84853700516351,16.00688468158348,92.7710843373494,18,1,2,3,2
565,Justin Bailey,PHI,R,11.187607573149743,13.941480206540447,18.244406196213426,86.23063683304647,11,0,1,1,2
567,Artturi Lehkonen,MTL,L,64.02753872633392,57.48709122203098,63.85542168674698,53.184165232358005,82,11,20,31,32
568,William Carrier,VGK,L,55.24956970740104,42.168674698795186,51.97934595524957,71.25645438898451,54,8,1,9,29
569,Tyler Bertuzzi,DET,L,67.64199655765921,45.09466437177281,92.7710843373494,50.25817555938038,73,21,26,47,36
570,Zach Sanford,STL,L,56.79862306368331,42.51290877796902,50.602409638554214,62.65060240963856,60,8,12,20,21
572,Nathan MacKinnon,COL,C,87.77969018932875,79.34595524956971,90.18932874354562,47.16006884681583,82,41,58,99,34
573,Aleksander Barkov,FLA,C,95.69707401032701,98.45094664371773,82.27194492254733,14.113597246127366,82,35,61,96,8
574,Jonathan Drouin,MTL,"C, L",23.23580034423408,49.39759036144578,35.628227194492254,4.647160068846816,81,18,35,53,26
576,Elias Lindholm,CGY,C,79.86230636833047,73.66609294320138,76.93631669535283,44.23407917383821,81,27,51,78,20
577,Sean Monahan,CGY,C,92.42685025817556,96.72977624784855,83.99311531841653,5.679862306368331,78,34,48,82,12
580,Bo Horvat,VAN,C,61.79001721170396,46.98795180722892,86.05851979345955,19.793459552495698,82,27,34,61,33
581,Valeri Nichushkin,DAL,R,91.73838209982789,92.59896729776248,41.82444061962134,60.58519793459553,57,0,10,10,0
583,Max Domi,MTL,"C, L",49.74182444061962,63.16695352839932,71.08433734939759,30.120481927710845,82,28,44,72,80
585,Alexander Wennberg,CBJ,C,63.51118760757315,76.76419965576592,39.586919104991395,38.03786574870912,75,2,23,25,12
588,Curtis Lazar,CGY,C,71.77280550774526,81.92771084337349,30.98106712564544,93.97590361445783,1,0,0,0,0
590,Kerby Rychel,CGY,L,45.78313253012048,82.09982788296041,2.4096385542168677,4.819277108433735,2,0,0,0,0
591,Anthony Mantha,DET,R,75.38726333907057,46.815834767641995,90.0172117039587,85.02581755593803,67,25,23,48,30
592,Frederik Gauthier,TOR,C,9.63855421686747,22.547332185886404,5.851979345955249,85.88640275387263,70,3,11,14,12
593,Jean-Sebastien Dea,"N.J, PIT",C,44.57831325301205,48.02065404475043,25.817555938037867,61.79001721170396,23,4,2,6,8
594,Ross Johnston,NYI,L,37.52151462994836,19.27710843373494,72.80550774526678,56.28227194492255,17,1,3,4,23
595,Colby Cave,"BOS, EDM",C,30.808950086058516,9.63855421686747,41.65232358003442,75.5593803786575,53,3,5,8,16
597,Nathan Walker,WSH,L,45.955249569707405,13.59724612736661,68.33046471600689,94.66437177280551,3,0,1,1,2
598,Josh Currie,EDM,R,73.66609294320138,75.04302925989673,44.75043029259897,82.27194492254733,21,2,3,5,2
600,Conor Sheary,BUF,L,68.50258175559381,76.07573149741825,69.3631669535284,25.12908777969019,78,14,20,34,12
602,Ryan Carpenter,VGK,C,81.41135972461274,77.10843373493977,56.62650602409639,66.60929432013769,68,5,13,18,8
606,Daniel Carr,VGK,L,99.48364888123923,99.48364888123923,16.523235800344235,96.72977624784855,6,1,0,1,0
607,Garnet Hathaway,CGY,R,30.6368330464716,27.882960413080895,20.65404475043029,69.87951807228916,76,11,8,19,56
608,Frederick Gaudreau,NSH,C,93.97590361445783,88.81239242685027,38.209982788296045,92.59896729776248,55,3,1,4,2
609,Melker Karlsson,S.J,C,12.392426850258175,10.327022375215146,4.647160068846816,85.37005163511188,79,12,4,16,26
610,Pierre-Edouard Bellemare,VGK,"C, L",85.02581755593803,82.27194492254733,46.47160068846816,57.14285714285714,76,6,9,15,6
611,Tomas Nosek,VGK,L,62.822719449225474,63.339070567986234,54.73321858864028,59.380378657487086,68,8,9,17,18
613,Sam Reinhart,BUF,C,96.72977624784855,89.84509466437177,96.55765920826161,29.43201376936317,82,22,43,65,16
614,Leon Draisaitl,EDM,C,57.48709122203098,49.74182444061962,92.42685025817556,4.3029259896729775,82,50,55,105,52
615,Sam Bennett,CGY,C,43.71772805507745,41.480206540447504,66.43717728055077,39.75903614457831,71,13,14,27,93
616,Michael Dal Colle,NYI,L,93.45955249569707,87.95180722891565,29.259896729776248,88.2960413080895,28,3,4,7,2
617,Jake Virtanen,VAN,R,19.44922547332186,33.90705679862307,43.54561101549053,29.604130808950085,70,15,10,25,44
619,William Nylander,TOR,R,80.55077452667814,66.09294320137694,84.16523235800344,48.53700516351119,54,7,20,27,16
620,Nikolaj Ehlers,WPG,L,81.92771084337349,70.22375215146299,80.55077452667814,47.50430292598967,62,21,16,37,15
621,Nick Ritchie,ANA,L,37.005163511187604,22.203098106712567,64.71600688468159,55.59380378657487,60,9,22,31,82
622,Kevin Fiala,"MIN, NSH",L,39.586919104991395,47.16006884681583,68.15834767641996,10.327022375215146,83,13,26,39,36
623,Brendan Perlini,"ARI, CHI",L,27.19449225473322,41.13597246127367,44.23407917383821,14.285714285714285,68,14,7,21,28
624,Jakub Vrana,WSH,L,75.90361445783132,67.81411359724613,78.14113597246127,44.922547332185886,82,24,23,47,27
626,Dylan Larkin,DET,C,82.27194492254733,59.552495697074015,95.86919104991394,65.57659208261619,76,32,41,73,75
627,Sonny Milano,CBJ,L,97.59036144578313,92.25473321858864,59.72461273666093,95.5249569707401,8,1,0,1,0
629,Alex Tuch,VGK,R,96.90189328743546,98.79518072289156,78.65748709122204,34.59552495697074,74,20,32,52,8
631,Nick Schmaltz,"ARI, CHI",C,30.46471600688468,66.26506024096386,44.57831325301205,1.8932874354561102,40,7,18,25,8
632,Robby Fabbri,STL,C,21.17039586919105,39.586919104991395,58.69191049913941,4.130808950086059,32,2,4,6,6
633,Kasperi Kapanen,TOR,R,63.85542168674698,65.57659208261619,83.30464716006884,19.965576592082616,78,20,24,44,27
634,Jared McCann,"FLA, PIT",C,23.580034423407916,32.358003442340795,35.800344234079176,35.28399311531842,78,19,16,35,31
635,David Pastrnak,BOS,R,83.30464716006884,71.08433734939759,94.83648881239243,26.333907056798623,66,38,43,81,32
636,Nikita Scherbak,L.A,R,60.75731497418244,33.734939759036145,68.67469879518072,77.96901893287436,8,1,0,1,2
637,Nikolay Goldobin,VAN,R,39.24268502581756,27.710843373493976,72.46127366609294,22.203098106712567,63,7,20,27,18
638,Joshua Ho-Sang,NYI,R,42.168674698795186,2.9259896729776247,28.227194492254732,96.04130808950086,10,1,1,2,6
639,Adrian Kempe,L.A,C,34.42340791738382,7.401032702237521,64.8881239242685,86.57487091222032,81,12,16,28,50
640,John Quenneville,N.J,C,7.917383820998279,8.433734939759036,26.67814113597246,29.08777969018933,19,1,0,1,4
641,Brendan Lemieux,"NYR, WPG",L,31.153184165232357,33.04647160068847,55.76592082616179,47.84853700516351,63,12,5,17,108
642,Jayce Hawryluk,FLA,C,29.948364888123923,26.506024096385545,62.47848537005164,39.93115318416523,42,7,5,12,16
643,Ivan Barbashev,STL,C,17.900172117039588,37.693631669535286,26.506024096385545,18.244406196213426,80,14,12,26,17
647,Vladislav Kamenev,COL,C,1.2048192771084338,4.475043029259897,3.9586919104991396,56.11015490533563,23,2,3,5,10
648,Nicolas Aube-Kubel,PHI,R,90.53356282271945,85.19793459552496,1.8932874354561102,97.76247848537005,9,0,0,0,0
650,Ryan Donato,"BOS, MIN",C,82.96041308089501,88.98450946643717,53.01204819277109,25.47332185886403,56,10,15,25,6
651,Christian Dvorak,ARI,C,66.60929432013769,80.72289156626506,58.34767641996558,28.915662650602407,20,2,5,7,2
652,Dominic Turgeon,DET,C,77.79690189328744,82.96041308089501,10.843373493975903,95.35283993115318,4,0,0,0,0
653,Juho Lammikko,FLA,R,27.710843373493976,24.612736660929432,14.974182444061961,83.30464716006884,40,0,6,6,6
654,Warren Foegele,CAR,L,27.882960413080895,45.26678141135972,24.440619621342513,24.268502581755595,77,10,5,15,20
655,Brayden Point,T.B,C,74.69879518072288,73.32185886402753,91.04991394148021,14.974182444061961,79,41,51,92,28
658,Michael Amadio,L.A,C,59.036144578313255,57.831325301204814,58.86402753872634,48.709122203098104,43,6,7,13,6
659,Lucas Wallmark,CAR,C,37.8657487091222,21.858864027538726,61.96213425129088,45.09466437177281,81,10,18,28,36
660,Chase De Leo,ANA,C,98.2788296041308,95.35283993115318,65.06024096385542,89.67297762478485,1,0,0,0,0
662,Christoffer Ehn,DET,C,24.612736660929432,58.69191049913941,9.122203098106713,62.822719449225474,60,3,6,9,6
664,Viktor Arvidsson,NSH,"L, R",78.3132530120482,69.3631669535284,100.0,1.7211703958691909,58,34,14,48,26
665,Danton Heinen,BOS,C,73.49397590361446,72.80550774526678,55.59380378657487,64.37177280550775,77,11,23,34,16
666,Michael Bunting,ARI,L,70.74010327022376,36.660929432013766,74.52667814113597,79.17383820998279,5,1,0,1,2
668,Clark Bishop,CAR,C,10.327022375215146,12.564543889845096,50.77452667814114,61.96213425129088,20,1,2,3,6
669,Oskar Lindblom,PHI,L,85.19793459552496,74.87091222030982,82.61617900172116,75.7314974182444,81,17,16,33,18
671,Anders Bjork,BOS,L,35.45611015490533,67.64199655765921,7.401032702237521,65.40447504302927,20,1,2,3,2
672,Rourke Chartier,S.J,C,18.416523235800344,45.955249569707405,1.376936316695353,57.31497418244407,13,1,0,1,2
673,Kevin Labanc,S.J,R,28.399311531841654,43.373493975903614,60.24096385542169,12.908777969018933,82,17,39,56,36
674,Sammy Blais,STL,L,19.793459552495698,21.34251290877797,25.12908777969019,67.29776247848537,32,2,2,4,6
675,Dylan Sikura,CHI,R,99.31153184165233,96.21342512908778,62.822719449225474,94.49225473321859,33,0,8,8,0
676,Victor Olofsson,BUF,L,99.65576592082617,98.62306368330465,93.45955249569707,95.69707401032701,6,2,2,4,2
677,Ondrej Kase,ANA,R,99.82788296041308,99.31153184165233,99.82788296041308,88.98450946643717,30,11,9,20,2
680,Dryden Hunt,FLA,L,54.56110154905336,44.40619621342513,38.38209982788296,80.03442340791739,31,3,7,10,8
681,Andrew Mangiapane,CGY,L,80.89500860585198,64.02753872633392,62.306368330464714,75.04302925989673,44,8,5,13,12
682,Jack Rodewald,OTT,R,59.72461273666093,86.74698795180723,10.671256454388985,96.3855421686747,6,0,0,0,0
683,Danick Martel,T.B,L,35.28399311531842,32.01376936316696,13.425129087779691,95.18072289156626,9,0,2,2,8
684,Frank Vatrano,FLA,C,53.700516351118765,50.94664371772806,59.896729776247845,45.26678141135972,81,24,15,39,38
685,Nikita Soshnikov,STL,R,51.80722891566265,83.64888123924268,20.309810671256454,1.376936316695353,5,0,0,0,0
688,Kyle Connor,WPG,L,58.34767641996558,76.24784853700515,81.06712564543889,2.0654044750430294,82,34,32,66,18
690,Colin White,OTT,C,78.14113597246127,59.380378657487086,82.96041308089501,68.33046471600689,71,14,27,41,24
691,Pavel Zacha,N.J,C,19.965576592082616,31.497418244406195,46.12736660929432,16.00688468158348,61,13,12,25,15
692,Connor McDavid,EDM,C,91.22203098106712,83.30464716006884,99.1394148020654,2.753872633390706,78,41,75,116,20
693,Jack Eichel,BUF,C,92.7710843373494,80.03442340791739,98.62306368330465,20.137693631669535,77,28,54,82,26
696,Anthony Richard,NSH,C,39.070567986230635,81.75559380378658,7.573149741824441,45.955249569707405,1,0,0,0,0
697,Jordan Greenway,MIN,L,20.82616179001721,26.161790017211707,31.32530120481928,41.82444061962134,81,12,12,24,29
698,Timo Meier,S.J,R,81.75559380378658,71.42857142857143,95.69707401032701,13.080895008605854,78,30,36,66,55
701,Jakob Forsbacka Karlsson,BOS,C,76.24784853700515,80.55077452667814,40.44750430292599,56.970740103270224,28,3,6,9,2
702,Mikko Rantanen,COL,R,56.11015490533563,34.251290877796905,91.73838209982789,38.38209982788296,74,31,56,87,54
703,A.J. Greer,COL,L,27.022375215146297,16.351118760757316,8.950086058519794,91.39414802065404,15,1,1,2,14
705,Sebastian Aho,CAR,"C, R",82.61617900172116,75.7314974182444,89.67297762478485,38.55421686746988,82,30,53,83,26
707,Christian Fischer,ARI,R,45.26678141135972,37.34939759036144,38.89845094664372,84.33734939759037,71,11,7,18,27
708,Travis Konecny,PHI,"C, R",58.519793459552496,58.34767641996558,75.7314974182444,30.6368330464716,82,24,25,49,40
709,Dylan Strome,"ARI, CHI",C,54.044750430292595,71.60068846815835,76.592082616179,2.9259896729776247,78,20,37,57,20
710,Cooper Marody,EDM,C,97.24612736660929,95.18072289156626,77.79690189328744,96.55765920826161,6,0,0,0,0
712,Brock Boeser,VAN,R,85.71428571428571,75.90361445783132,84.50946643717728,50.94664371772806,69,26,30,56,22
713,Mathew Barzal,NYI,C,64.8881239242685,48.364888123924274,87.95180722891565,39.070567986230635,82,18,44,62,46
714,Roope Hintz,DAL,L,42.3407917383821,24.268502581755595,51.29087779690189,67.98623063683304,58,9,13,22,24
717,Austin Wagner,L.A,L,69.01893287435456,62.822719449225474,81.23924268502581,30.292598967297764,62,12,9,21,16
718,Jack Roslovic,WPG,C,87.60757314974182,85.37005163511188,47.332185886402755,64.02753872633392,77,9,15,24,4
720,Nicolas Roy,CAR,C,0.5163511187607573,0.5163511187607573,0.6884681583476765,96.21342512908778,6,0,0,0,2
721,Anthony Beauvillier,NYI,"C, L",91.56626506024097,90.87779690189329,76.41996557659209,20.65404475043029,81,18,10,28,8
723,Daniel Sprong,"ANA, PIT",R,54.73321858864028,72.63339070567987,63.683304647160064,6.884681583476763,63,14,9,23,10
726,Mathieu Joseph,T.B,R,49.05335628227194,47.67641996557659,51.46299483648882,48.88123924268503,70,13,13,26,26
727,Lawson Crouse,ARI,L,24.268502581755595,28.055077452667813,38.03786574870912,20.998278829604132,81,11,14,25,67
729,Mitchell Marner,TOR,"C, R",82.44406196213426,74.18244406196214,93.63166953528399,20.481927710843372,82,26,68,94,22
730,Zach Senyshyn,BOS,R,83.47676419965576,96.04130808950086,49.5697074010327,73.14974182444061,2,1,0,1,0
731,Filip Chlapik,OTT,C,69.87951807228916,36.83304647160069,97.07401032702238,89.328743545611,5,1,0,1,4
733,Joel Eriksson Ek,MIN,C,63.683304647160064,55.07745266781411,68.50258175559381,52.49569707401033,58,7,7,14,20
734,Denis Gurianov,DAL,R,71.9449225473322,91.56626506024097,8.261617900172118,79.69018932874354,21,1,3,4,0
735,Jake DeBrusk,BOS,L,88.98450946643717,77.96901893287436,71.60068846815835,69.19104991394148,68,27,15,42,18
739,Austin Czarnik,CGY,C,50.77452667814114,62.306368330464714,39.93115318416523,36.660929432013766,54,6,12,18,8
740,Anthony Cirelli,T.B,C,64.19965576592082,39.24268502581756,60.06884681583477,81.23924268502581,82,19,20,39,34
741,Markus Hannikainen,CBJ,L,91.91049913941481,93.63166953528399,28.055077452667813,83.47676419965576,44,4,3,7,2
742,Evan Rodrigues,BUF,L,59.380378657487086,40.103270223752155,69.53528399311531,51.80722891566265,74,9,20,29,25
743,Artemi Panarin,CBJ,L,90.70567986230637,74.52667814113597,97.24612736660929,38.209982788296045,79,28,59,87,23
744,Andreas Martinsen,CHI,L,6.196213425129088,18.416523235800344,11.187607573149743,20.309810671256454,24,1,3,4,14
746,Noel Acciari,BOS,C,14.629948364888124,16.867469879518072,27.19449225473322,39.41480206540447,72,6,8,14,47
747,Derek Ryan,CGY,C,59.552495697074015,35.111876075731494,44.40619621342513,80.20654044750431,81,13,25,38,24
748,Kevin Stenlund,CBJ,C,8.777969018932874,1.549053356282272,3.4423407917383817,95.00860585197934,4,0,0,0,4
751,Denis Malgin,FLA,C,43.88984509466437,37.52151462994836,39.24268502581756,74.69879518072288,50,7,9,16,14
752,Mikhail Vorobyev,PHI,C,10.499139414802066,22.719449225473323,21.514629948364888,36.316695352839936,15,1,1,2,2
754,Conor Garland,ARI,R,76.93631669535283,59.20826161790017,73.32185886402753,88.81239242685027,47,13,5,18,12
755,Dominik Simon,PIT,C,83.99311531841653,59.896729776247845,77.96901893287436,92.94320137693632,71,8,20,28,18
757,Rudolfs Balcers,OTT,L,15.49053356282272,33.218588640275385,32.18588640275387,28.227194492254732,36,5,9,14,10
758,Troy Terry,ANA,R,84.50946643717728,82.44406196213426,57.14285714285714,71.77280550774526,32,4,9,13,2
759,Adam Gaudette,VAN,C,7.74526678141136,10.154905335628227,30.808950086058516,15.49053356282272,56,5,7,12,18
760,Brett Seney,N.J,L,3.2702237521514634,11.53184165232358,11.015490533562824,16.351118760757316,51,5,8,13,31
761,Mason Appleton,WPG,C,76.07573149741825,67.29776247848537,76.93631669535283,69.01893287435456,36,3,7,10,4
765,Kole Sherwood,CBJ,R,57.31497418244407,90.36144578313254,0.8605851979345954,98.79518072289156,2,0,0,0,0
767,Ryan Lomberg,CGY,L,0.17211703958691912,0.34423407917383825,0.5163511187607573,92.08261617900172,4,0,0,0,17
768,Tanner Fritz,NYI,C,5.507745266781412,15.66265060240964,2.9259896729776247,27.710843373493976,8,0,1,1,2
769,Nick Lappin,N.J,R,51.97934595524957,85.02581755593803,6.368330464716007,71.60068846815835,11,0,0,0,0
771,Kalle Kossila,ANA,C,16.867469879518072,30.6368330464716,13.253012048192772,82.96041308089501,8,1,0,1,4
772,Kevin Rooney,N.J,C,24.78485370051635,9.122203098106713,35.111876075731494,77.10843373493977,41,6,4,10,15
773,Brandon Tanev,WPG,L,52.323580034423415,31.153184165232357,42.51290877796902,83.8209982788296,80,14,15,29,41
774,Matthew Tkachuk,CGY,L,66.09294320137694,57.31497418244407,91.56626506024097,40.61962134251291,80,34,43,77,62
775,Joey Anderson,N.J,R,34.251290877796905,30.808950086058516,37.177280550774526,65.7487091222031,34,4,3,7,6
776,Luke Kunin,MIN,C,18.9328743545611,28.57142857142857,74.69879518072288,3.614457831325301,49,6,11,17,27
777,Auston Matthews,TOR,C,92.08261617900172,92.7710843373494,88.12392426850259,8.605851979345955,68,37,36,73,12
781,Brandon Gignac,N.J,C,63.16695352839932,86.40275387263338,48.53700516351119,0.17211703958691912,1,0,0,0,0
783,Carl Grundstrom,L.A,R,71.25645438898451,55.42168674698795,72.63339070567987,88.12392426850259,15,5,1,6,6
784,Alex DeBrincat,CHI,"L, R",85.37005163511188,80.89500860585198,81.41135972461274,26.67814113597246,82,41,35,76,15
785,Patrik Laine,WPG,R,11.015490533562824,36.48881239242685,32.53012048192771,2.4096385542168677,82,30,20,50,42
786,Clayton Keller,ARI,C,25.989672977624785,40.61962134251291,54.38898450946644,12.220309810671257,82,14,33,47,24
787,Jesse Puljujarvi,EDM,R,10.671256454388985,10.843373493975903,23.06368330464716,47.67641996557659,46,4,5,9,16
789,Dillon Dube,CGY,C,14.802065404475043,25.301204819277107,11.876075731497417,70.56798623063683,25,1,4,5,4
790,Sam Steel,ANA,C,14.457831325301203,22.030981067125648,38.55421686746988,54.38898450946644,22,6,5,11,8
791,Brett Howden,NYR,C,20.65404475043029,41.30808950086058,70.39586919104991,1.549053356282272,66,6,17,23,14
792,Timothy Gettinger,NYR,L,86.23063683304647,89.50086058519794,43.71772805507745,93.63166953528399,4,0,0,0,0
793,Trent Frederic,BOS,C,1.8932874354561102,4.819277108433735,2.0654044750430294,54.73321858864028,15,0,0,0,15
794,Logan Brown,OTT,C,97.07401032702238,94.32013769363166,78.48537005163512,92.25473321858864,2,0,0,0,0
795,Max Jones,ANA,L,38.55421686746988,29.43201376936317,60.92943201376936,60.75731497418244,30,2,3,5,14
796,Tyson Jost,COL,C,38.89845094664372,62.47848537005164,47.16006884681583,35.111876075731494,70,11,15,26,14
800,Jordan Kyrou,STL,C,5.851979345955249,18.76075731497418,7.917383820998279,65.23235800344234,16,1,2,3,4
804,Pierre-Luc Dubois,CBJ,C,77.96901893287436,58.17555938037866,94.14802065404476,25.645438898450944,82,27,34,61,64
806,Henrik Borgstrom,FLA,C,61.61790017211703,78.14113597246127,33.04647160068847,42.51290877796902,50,8,10,18,4
807,Jesper Bratt,N.J,L,84.6815834767642,84.33734939759037,90.87779690189329,18.76075731497418,51,8,25,33,6
809,Vitaly Abramov,OTT,R,82.09982788296041,94.83648881239243,5.163511187607573,91.56626506024097,1,0,0,0,0
810,Nathan Bastian,N.J,R,57.14285714285714,28.399311531841654,79.34595524956971,79.86230636833047,7,3,0,3,10
811,Michael McLeod,N.J,C,1.7211703958691909,2.753872633390706,11.703958691910499,44.40619621342513,21,0,3,3,13
813,Tage Thompson,BUF,"C, R",13.769363166953527,31.669535283993117,19.44922547332186,13.59724612736661,65,7,5,12,20
814,Alexander Nylander,BUF,R,32.01376936316696,11.876075731497417,78.3132530120482,50.4302925989673,12,2,2,4,4
818,Anthony Greco,FLA,R,95.35283993115318,94.66437177280551,81.75559380378658,0.8605851979345954,1,0,0,0,0
820,Drake Caggiula,"CHI, EDM","C, L",44.061962134251296,40.44750430292599,83.64888123924268,21.17039586919105,55,12,11,23,28
821,Patrick Russell,EDM,R,51.29087779690189,17.38382099827883,80.89500860585198,99.1394148020654,6,0,0,0,2
823,Janne Kuokkanen,CAR,L,0.34423407917383825,1.0327022375215147,3.2702237521514634,74.87091222030982,7,0,0,0,4
824,Rem Pitlick,NSH,C,1.376936316695353,0.17211703958691912,49.74182444061962,63.51118760757315,1,0,0,0,2
825,Maxim Mamin,FLA,C,38.209982788296045,7.917383820998279,35.9724612736661,94.83648881239243,7,0,0,0,5
826,Dylan Gambrell,S.J,C,2.0654044750430294,1.8932874354561102,1.2048192771084338,94.32013769363166,8,0,0,0,2
827,Matt Luff,L.A,R,17.555938037865747,40.963855421686745,31.669535283993117,10.671256454388985,33,8,3,11,9
828,Alexandre Fortin,CHI,L,84.16523235800344,83.13253012048193,77.10843373493977,12.392426850258175,24,3,3,6,2
829,Trevor Moore,TOR,L,87.95180722891565,87.09122203098106,9.63855421686747,93.80378657487091,25,2,6,8,2
830,Zack MacEwen,VAN,C,30.98106712564544,14.285714285714285,37.005163511187604,97.07401032702238,4,0,1,1,5
831,Zach Aston-Reese,PIT,C,43.20137693631669,38.03786574870912,29.948364888123923,58.519793459552496,43,8,9,17,26
833,Vinni Lettieri,NYR,C,8.433734939759036,14.629948364888124,36.83304647160069,10.843373493975903,27,1,2,3,14
834,Joseph Gambardella,EDM,C,13.425129087779691,28.915662650602407,18.76075731497418,78.48537005163512,15,0,3,3,2
835,Nolan Patrick,PHI,C,32.18588640275387,43.20137693631669,41.13597246127367,43.54561101549053,72,13,18,31,27
837,Kailer Yamamoto,EDM,R,85.88640275387263,88.46815834767642,59.036144578313255,63.339070567986234,17,1,1,2,2
838,Michael Rasmussen,DET,C,20.481927710843372,7.573149741824441,24.612736660929432,86.91910499139415,62,8,10,18,29
839,Jaret Anderson-Dolan,L.A,C,75.7314974182444,92.08261617900172,19.27710843373494,46.815834767641995,5,0,1,1,0
840,Casey Mittelstadt,BUF,C,40.27538726333907,65.92082616179002,34.59552495697074,17.555938037865747,77,12,13,25,10
842,Nico Hischier,N.J,C,78.82960413080895,55.76592082616179,95.00860585197934,49.225473321858864,69,17,30,47,24
843,Kristian Vesalainen,WPG,L,88.64027538726333,88.2960413080895,70.91222030981066,41.996557659208264,5,0,1,1,0
844,Eeli Tolvanen,NSH,R,98.62306368330465,97.07401032702238,37.693631669535286,93.28743545611016,4,1,1,2,0
845,Elias Pettersson,VAN,C,86.74698795180723,77.79690189328744,78.82960413080895,54.90533562822719,71,28,38,66,12
846,Robert Thomas,STL,C,44.40619621342513,34.93975903614458,53.528399311531835,63.16695352839932,70,9,24,33,14
847,Alex Formenton,OTT,L,26.506024096385545,39.75903614457831,23.23580034423408,77.79690189328744,9,1,0,1,6
848,Max Comtois,ANA,L,18.588640275387263,31.841652323580032,41.30808950086058,55.42168674698795,10,2,5,7,7
851,Martin Necas,CAR,C,2.5817555938037864,18.072289156626507,3.614457831325301,6.712564543889846,7,1,1,2,2
852,Ryan Poehling,MTL,C,100.0,99.65576592082617,91.39414802065404,100.0,1,3,0,3,0
853,Lias Andersson,NYR,C,3.098106712564544,2.2375215146299485,21.686746987951807,27.19449225473322,42,2,4,6,29
855,Alexandre Texier,CBJ,C,94.66437177280551,100.0,47.67641996557659,91.91049913941481,2,1,0,1,0
856,Filip Chytil,NYR,C,83.13253012048193,91.22203098106712,45.78313253012048,35.628227194492254,75,11,12,23,8
857,Justin Kloos,ANA,C,98.79518072289156,97.41824440619621,74.01032702237521,99.65576592082617,1,0,0,0,0
858,C.J. Smith,BUF,L,93.80378657487091,97.93459552495698,53.35628227194492,85.19793459552496,11,2,0,2,0
859,Alex Iafallo,L.A,L,28.915662650602407,30.120481927710845,51.11876075731497,29.948364888123923,82,15,18,33,22
861,David Kampf,CHI,C,72.9776247848537,69.87951807228916,26.161790017211707,90.53356282271945,63,4,15,19,14
868,Drake Batherson,OTT,R,9.81067125645439,14.974182444061961,14.113597246127366,60.06884681583477,20,3,6,9,6
869,Max Veronneau,OTT,R,62.65060240963856,91.39414802065404,27.022375215146297,1.2048192771084338,12,2,2,4,0
870,Sheldon Dries,COL,C,7.056798623063683,17.728055077452666,13.080895008605854,15.66265060240964,40,3,3,6,26
872,Adam Johnson,PIT,C,88.81239242685027,97.24612736660929,64.02753872633392,42.3407917383821,6,0,2,2,0
873,Kiefer Sherwood,ANA,R,35.628227194492254,58.86402753872634,54.90533562822719,23.752151462994835,50,6,6,12,8
874,Eric Robinson,CBJ,L,92.59896729776248,93.80378657487091,10.327022375215146,90.70567986230637,13,0,0,0,0
875,Joel L'Esperance,DAL,C,36.316695352839936,25.645438898450944,17.728055077452666,84.50946643717728,18,2,0,2,6
877,Sheldon Rempal,L.A,R,66.26506024096386,84.6815834767642,32.01376936316696,84.6815834767642,7,0,0,0,0
878,Lukas Radil,S.J,C,72.80550774526678,64.8881239242685,30.6368330464716,89.84509466437177,36,7,4,11,6
880,Brady Tkachuk,OTT,L,83.64888123924268,60.75731497418244,94.32013769363166,65.92082616179002,71,22,23,45,75
882,Isac Lundestrom,ANA,C,36.144578313253014,42.68502581755594,52.83993115318416,46.29948364888124,15,0,2,2,2
883,Filip Zadina,DET,R,50.94664371772806,87.4354561101549,5.679862306368331,7.401032702237521,9,1,2,3,0
884,Jesperi Kotkaniemi,MTL,C,70.56798623063683,51.29087779690189,51.80722891566265,86.05851979345955,79,11,23,34,26
885,Andrei Svechnikov,CAR,R,61.44578313253012,48.19277108433735,85.88640275387263,40.79173838209983,82,20,17,37,62
887,Karson Kuhlman,BOS,C,68.33046471600689,64.37177280550775,67.12564543889845,82.44406196213426,11,3,2,5,2
890,Par Lindholm,"TOR, WPG",C,14.113597246127366,18.9328743545611,6.712564543889846,74.52667814113597,65,1,12,13,18
892,Dominik Kahun,CHI,C,94.49225473321859,93.45955249569707,85.19793459552496,62.47848537005164,82,13,24,37,6
895,Jacob Nilsson,CHI,C,57.6592082616179,85.54216867469879,1.0327022375215147,95.86919104991394,2,0,0,0,0
897,Antti Suomela,S.J,C,79.69018932874354,78.82960413080895,33.218588640275385,83.64888123924268,27,3,5,8,4
898,Logan O'Connor,COL,R,52.49569707401033,82.61617900172116,2.2375215146299485,51.29087779690189,5,0,0,0,0
900,Ryan Kuffner,DET,L,53.184165232358005,87.263339070568,4.3029259896729775,32.18588640275387,10,0,0,0,0
901,Taro Hirose,DET,L,51.46299483648882,56.79862306368331,56.79862306368331,65.06024096385542,10,1,6,7,2
903,Nico Sturm,MIN,C,98.45094664371773,96.90189328743546,92.08261617900172,98.2788296041308,2,0,0,0,0
905,Blake Lizotte,L.A,C,96.21342512908778,90.70567986230637,79.17383820998279,97.24612736660929,1,0,0,0,0
