,Id,Player,Team,Position,Overall%,Individual%,Offensive%,Defensive%,GP,Goals,Assists,Points,PIM
0,286,Nathan MacKinnon,COL,C,92.44663382594418,77.01149425287356,99.17898193760263,39.24466338259442,82,51,89,140,42
1,381,Connor McDavid,EDM,C,97.70114942528735,88.66995073891626,99.67159277504105,35.139573070607554,76,32,100,132,30
2,169,Nikita Kucherov,T.B,R,98.68637110016421,95.89490968801314,98.52216748768473,9.0311986863711,81,44,100,144,22
3,457,Auston Matthews,TOR,C,99.3431855500821,98.68637110016421,96.71592775041051,64.86042692939245,81,69,38,107,20
4,429,Artemi Panarin,NYR,L,95.40229885057471,84.56486042692939,98.68637110016421,59.93431855500822,82,49,71,120,24
5,334,David Pastrnak,BOS,R,85.22167487684729,73.39901477832512,95.07389162561576,28.078817733990146,82,47,63,110,47
6,12,Sidney Crosby,PIT,C,85.38587848932676,75.69786535303777,99.50738916256158,9.523809523809524,82,42,52,94,40
7,318,Leon Draisaitl,EDM,C,53.36617405582923,40.558292282430216,91.29720853858785,18.226600985221676,81,41,65,106,76
8,389,Mikko Rantanen,COL,R,80.29556650246306,60.91954022988506,95.23809523809523,33.33333333333333,80,42,62,104,50
9,131,Zach Hyman,EDM,L,88.50574712643679,68.63711001642037,99.83579638752053,34.646962233169134,80,54,23,77,48
10,346,Brayden Point,T.B,C,98.0295566502463,97.37274220032842,97.53694581280789,5.254515599343185,81,46,44,90,14
11,494,Jesper Bratt,N.J,L,99.67159277504105,99.67159277504105,98.19376026272579,48.275862068965516,82,27,56,83,12
12,180,J.T. Miller,VAN,C,46.30541871921182,53.5303776683087,74.2200328407225,14.449917898193759,81,37,66,103,58
13,512,Brandon Hagel,T.B,L,77.33990147783251,54.02298850574713,92.44663382594418,43.02134646962233,82,26,49,75,79
14,211,Filip Forsberg,NSH,L,87.84893267651888,72.74220032840722,94.90968801313629,31.69129720853859,82,48,46,94,43
15,322,Nikolaj Ehlers,WPG,L,88.99835796387521,70.44334975369459,94.7454844006568,46.30541871921182,82,25,36,61,29
16,438,Kirill Kaprizov,MIN,L,89.16256157635468,72.2495894909688,97.04433497536947,37.60262725779967,75,46,50,96,36
17,621,Brady Tkachuk,OTT,L,90.311986863711,67.81609195402298,99.3431855500821,34.15435139573071,81,37,37,74,134
18,554,Elias Pettersson,VAN,C,95.56650246305419,94.7454844006568,82.92282430213464,30.049261083743843,82,34,55,89,12
19,321,William Nylander,TOR,R,81.9376026272578,92.11822660098522,77.83251231527095,4.761904761904762,82,40,58,98,24
20,418,Mitchell Marner,TOR,R,94.25287356321839,89.32676518883416,82.75862068965517,71.92118226600985,69,26,59,85,18
21,524,Trevor Moore,L.A,L,89.98357963875205,78.32512315270937,91.95402298850574,39.08045977011494,82,31,26,57,28
22,559,Robert Thomas,STL,C,68.96551724137932,37.11001642036125,96.05911330049261,60.91954022988506,82,26,60,86,48
23,851,Wyatt Johnston,DAL,C,85.55008210180624,72.9064039408867,88.17733990147784,38.42364532019704,82,32,33,65,38
24,120,Brock Nelson,NYI,C,81.2807881773399,81.77339901477832,87.192118226601,11.986863711001643,82,34,35,69,28
25,296,Max Domi,TOR,C,37.4384236453202,31.198686371100166,85.22167487684729,6.568144499178982,80,9,38,47,118
26,488,Jordan Kyrou,STL,C,97.04433497536947,88.01313628899837,93.10344827586206,71.5927750410509,82,31,36,67,22
27,83,Nazem Kadri,CGY,C,72.2495894909688,65.1888341543514,84.56486042692939,36.28899835796388,82,29,46,75,43
28,466,Alex DeBrincat,DET,R,83.08702791461413,69.29392446633827,90.64039408866995,50.08210180623974,82,27,40,67,34
29,546,Casey Mittelstadt,"BUF, COL",C,59.93431855500822,48.11165845648605,62.23316912972086,61.412151067323485,80,18,39,57,32
30,548,Nico Hischier,N.J,C,97.20853858784893,93.26765188834155,96.2233169129721,17.077175697865353,71,27,40,67,12
31,561,Jason Robertson,DAL,L,90.80459770114942,74.71264367816092,77.33990147783251,78.98193760262726,82,29,51,80,22
32,770,Lucas Raymond,DET,L,65.84564860426929,58.78489326765188,83.57963875205255,46.79802955665024,82,31,41,72,30
33,787,Tim Stützle,OTT,C,64.5320197044335,70.11494252873564,86.04269293924466,26.929392446633827,75,18,52,70,28
34,9,Evgeni Malkin,PIT,C,50.57471264367817,47.454844006568145,60.09852216748769,47.94745484400657,82,27,40,67,70
35,175,Mark Scheifele,WPG,C,23.645320197044335,31.69129720853859,66.99507389162561,1.3136288998357963,74,25,47,72,57
36,188,Jonathan Marchessault,VGK,R,63.54679802955665,65.02463054187191,78.65353037766832,35.960591133004925,82,42,27,69,40
37,261,Jake Guentzel,"CAR, PIT","C, L",96.05911330049261,86.86371100164205,99.01477832512316,16.25615763546798,67,30,47,77,22
38,328,Alex Tuch,BUF,R,57.799671592775034,62.06896551724138,88.50574712643679,11.658456486042693,75,22,37,59,54
39,401,Mathew Barzal,NYI,C,89.49096880131363,76.0262725779967,94.41707717569786,37.274220032840724,80,23,57,80,34
40,783,Alexis Lafrenière,NYR,L,88.66995073891626,71.26436781609196,97.86535303776684,38.095238095238095,82,28,29,57,40
41,294,Bo Horvat,NYI,C,86.5353037766831,66.33825944170772,95.73070607553366,28.407224958949094,81,33,35,68,39
42,317,Sam Reinhart,FLA,C,85.0574712643678,68.14449917898193,79.47454844006569,76.35467980295566,82,57,37,94,31
43,397,Travis Konecny,PHI,R,82.59441707717569,67.98029556650246,93.26765188834155,21.182266009852217,76,33,35,68,67
44,436,Conor Garland,VAN,R,91.95402298850574,70.60755336617406,92.77504105090311,81.44499178981938,82,20,27,47,35
45,618,Joel Farabee,PHI,L,50.08210180623974,59.77011494252874,74.8768472906404,14.285714285714285,82,22,28,50,37
46,811,JJ Peterka,BUF,R,91.46141215106732,82.75862068965517,91.13300492610837,34.31855500821018,82,28,22,50,28
47,264,Carter Verhaeghe,FLA,C,87.02791461412151,72.08538587848933,96.88013136288998,22.824302134646963,76,34,38,72,36
48,67,Gustav Nyquist,NSH,C,93.76026272577997,95.73070607553366,92.9392446633826,7.55336617405583,81,23,52,75,8
49,79,Matt Duchene,DAL,C,67.32348111658456,80.623973727422,56.15763546798029,22.988505747126435,80,25,40,65,20
50,126,Vladimir Tarasenko,"FLA, OTT",R,69.6223316912972,84.89326765188834,82.26600985221675,7.224958949096879,76,23,32,55,12
51,157,Vincent Trocheck,NYR,C,73.39901477832512,46.79802955665024,96.38752052545156,20.361247947454846,82,25,52,77,55
52,392,Sebastian Aho,CAR,C,61.083743842364534,76.51888341543514,63.2183908045977,27.586206896551722,78,36,53,89,36
53,454,Matthew Tkachuk,FLA,L,67.81609195402298,59.44170771756979,97.37274220032842,5.747126436781609,80,26,62,88,88
54,556,Owen Tippett,PHI,R,96.2233169129721,98.0295566502463,84.07224958949097,13.628899835796387,78,28,25,53,12
55,715,Matt Boldy,MIN,L,84.72906403940887,61.412151067323485,97.70114942528735,55.993431855500816,75,29,39,68,48
56,752,Matias Maccelli,ARI,L,96.71592775041051,94.08866995073892,80.13136288998358,42.03612479474548,82,17,40,57,8
57,135,Tyler Seguin,DAL,C,59.77011494252874,71.5927750410509,79.3103448275862,5.911330049261084,68,25,27,52,26
58,160,Blake Coleman,CGY,C,80.95238095238095,56.32183908045977,91.62561576354679,50.57471264367817,78,30,24,54,76
59,287,Aleksander Barkov,FLA,C,89.81937602627258,71.42857142857143,92.28243021346469,81.11658456486043,73,23,57,80,24
60,380,Pavel Zacha,BOS,C,58.45648604269294,63.38259441707718,84.89326765188834,19.376026272578,78,21,38,59,18
61,468,Clayton Keller,ARI,R,59.11330049261084,61.083743842364534,52.87356321839081,75.53366174055829,78,33,43,76,32
62,706,Cole Caufield,MTL,R,95.73070607553366,92.77504105090311,88.66995073891626,62.39737274220033,82,28,37,65,16
63,6,Joe Pavelski,DAL,C,56.15763546798029,79.47454844006569,56.81444991789819,31.85550082101806,82,27,40,67,20
64,323,Kevin Fiala,L.A,L,79.96715927750411,55.82922824302135,78.32512315270937,71.26436781609196,82,29,44,73,62
65,337,Ivan Barbashev,VGK,C,36.45320197044335,38.587848932676515,81.44499178981938,15.435139573070607,82,19,26,45,42
66,345,Warren Foegele,EDM,L,71.92118226600985,69.12972085385879,83.74384236453201,18.7192118226601,82,20,21,41,47
67,448,Mason Marchment,DAL,L,47.783251231527096,52.545155993431855,55.993431855500816,27.914614121510674,81,22,31,53,54
68,557,Nick Suzuki,MTL,C,70.77175697865353,37.4384236453202,85.71428571428571,74.8768472906404,82,33,44,77,36
69,591,Drake Batherson,OTT,R,46.96223316912972,51.724137931034484,66.33825944170772,25.94417077175698,82,28,38,66,42
70,776,Seth Jarvis,CAR,C,94.08866995073892,93.92446633825944,65.1888341543514,55.008210180623976,81,33,34,67,14
71,791,Quinton Byfield,L.A,"C, R",57.635467980295566,53.20197044334976,57.307060755336614,64.03940886699507,80,20,35,55,42
72,29,Claude Giroux,OTT,R,75.53366174055829,59.277504105090316,92.61083743842364,47.61904761904761,82,21,43,64,26
73,116,Charlie Coyle,BOS,C,33.99014778325123,47.29064039408867,59.77011494252874,8.374384236453201,82,25,35,60,38
74,154,Johnny Gaudreau,CBJ,L,77.66830870279146,77.33990147783251,87.52052545155993,25.779967159277504,81,12,48,60,22
75,398,Dylan Strome,WSH,C,91.13300492610837,72.41379310344827,95.89490968801314,33.99014778325123,82,27,40,67,22
76,400,Brock Boeser,VAN,R,78.32512315270937,89.98357963875205,68.4729064039409,19.21182266009852,81,40,33,73,14
77,477,Trent Frederic,BOS,C,42.20032840722496,50.90311986863711,62.88998357963875,28.24302134646962,82,18,22,40,69
78,704,Nils Hoglander,VAN,L,74.8768472906404,53.69458128078818,78.48932676518884,54.8440065681445,80,24,12,36,41
79,77,John Tavares,TOR,C,78.16091954022988,76.84729064039408,81.9376026272578,40.72249589490969,80,29,36,65,30
80,140,Bryan Rust,PIT,R,83.9080459770115,79.3103448275862,98.85057471264368,2.6272577996715927,62,28,28,56,20
81,168,William Karlsson,VGK,C,99.01477832512316,98.19376026272579,81.60919540229885,73.23481116584564,70,30,30,60,22
82,283,Tyler Bertuzzi,TOR,L,77.99671592775042,57.799671592775034,92.11822660098522,29.39244663382594,80,21,22,43,53
83,288,Jonathan Drouin,COL,L,80.78817733990148,55.500821018062396,90.47619047619048,59.44170771756979,79,19,37,56,28
84,302,Anthony Mantha,"VGK, WSH",R,77.17569786535303,52.70935960591133,89.81937602627258,77.33990147783251,74,23,21,44,25
85,335,Adrian Kempe,L.A,R,44.006568144499184,50.57471264367817,48.44006568144499,26.76518883415435,77,28,47,75,72
86,403,Roope Hintz,DAL,C,87.68472906403942,65.68144499178982,89.98357963875205,69.6223316912972,80,30,35,65,22
87,75,Ryan O'Reilly,NSH,C,90.47619047619048,85.38587848932676,87.68472906403942,26.436781609195403,82,26,43,69,18
88,165,Brandon Saad,STL,L,34.8111658456486,62.23316912972086,77.01149425287356,5.41871921182266,82,26,16,42,20
89,382,Jack Eichel,VGK,C,83.57963875205255,79.14614121510674,83.41543513957306,24.137931034482758,63,31,37,68,27
90,908,Connor Bedard,CHI,C,48.93267651888342,64.69622331691298,76.19047619047619,4.433497536945813,68,22,39,61,28
91,122,Nick Bjugstad,ARI,C,57.96387520525451,57.635467980295566,83.08702791461413,28.899835796387517,76,22,23,45,59
92,184,Phillip Danault,L.A,C,91.78981937602627,82.26600985221675,89.65517241379311,43.18555008210181,78,17,30,47,18
93,333,Jared McCann,SEA,L,62.5615763546798,66.83087027914614,72.74220032840722,15.10673234811166,80,29,33,62,31
94,357,Michael Bunting,"CAR, PIT",L,34.15435139573071,46.141215106732346,60.591133004926114,4.269293924466338,81,19,36,55,57
95,419,Joel Eriksson Ek,MIN,C,79.80295566502463,55.172413793103445,95.40229885057471,50.73891625615764,77,30,34,64,60
96,716,Jack Hughes,N.J,C,93.26765188834155,94.41707717569786,78.16091954022988,28.735632183908045,62,27,47,74,12
97,771,Marco Rossi,MIN,C,71.5927750410509,51.55993431855501,71.42857142857143,63.05418719211823,82,21,19,40,47
98,847,Matthew Knies,TOR,L,34.97536945812808,42.69293924466338,56.97865353037766,23.809523809523807,80,15,20,35,45
99,893,Juraj Slafkovsky,MTL,L,58.29228243021346,35.139573070607554,88.01313628899837,35.30377668308703,82,20,30,50,55
100,14,Anze Kopitar,L.A,C,40.229885057471265,41.70771756978653,50.08210180623974,32.84072249589491,81,26,44,70,22
101,53,Steven Stamkos,T.B,C,35.467980295566505,49.917898193760266,66.50246305418719,5.582922824302135,79,40,41,81,34
102,114,Tyler Toffoli,"N.J, WPG","C, R",92.28243021346469,90.64039408866995,89.16256157635468,27.42200328407225,79,33,22,55,14
103,130,Jeff Skinner,BUF,L,54.51559934318555,62.725779967159276,81.11658456486043,9.195402298850574,74,24,22,46,34
104,291,Sean Monahan,"MTL, WPG",C,94.7454844006568,93.59605911330048,85.0574712643678,20.525451559934318,83,26,33,59,12
105,377,Kyle Connor,WPG,L,90.64039408866995,99.01477832512316,64.20361247947454,1.1494252873563218,65,34,27,61,6
106,567,Martin Necas,CAR,C,41.21510673234811,53.858784893267654,71.10016420361248,2.4630541871921183,77,24,29,53,42
107,33,Jamie Benn,DAL,L,46.4696223316913,60.26272577996716,83.9080459770115,19.704433497536947,82,21,39,60,41
108,65,Adam Henrique,"ANA, EDM",C,35.139573070607554,45.64860426929393,54.8440065681445,42.20032840722496,82,24,27,51,37
109,260,Pavel Buchnevich,STL,L,74.2200328407225,38.095238095238095,93.59605911330048,64.36781609195403,80,27,36,63,48
110,325,Dylan Larkin,DET,C,75.86206896551724,63.2183908045977,88.3415435139573,45.320197044334975,68,33,36,69,39
111,330,Nick Schmaltz,ARI,C,79.14614121510674,84.07224958949097,54.51559934318555,79.47454844006569,79,22,39,61,10
112,356,Danton Heinen,BOS,L,58.94909688013136,54.35139573070607,67.15927750410509,33.825944170771756,74,17,19,36,28
113,415,Mathieu Joseph,OTT,R,27.914614121510674,45.320197044334975,37.11001642036125,25.615763546798032,72,11,24,35,51
114,631,Andrei Svechnikov,CAR,R,49.42528735632184,56.81444991789819,77.99671592775042,13.30049261083744,59,19,33,52,58
115,675,Yegor Sharangovich,CGY,C,80.13136288998358,96.38752052545156,47.12643678160919,18.39080459770115,82,31,28,59,8
116,80,Evander Kane,EDM,L,44.33497536945813,55.66502463054187,34.31855500821018,6.732348111658457,77,24,20,44,85
117,87,Chris Kreider,NYR,L,72.57799671592775,64.36781609195403,80.78817733990148,39.90147783251231,82,39,36,75,26
118,89,Reilly Smith,PIT,R,76.19047619047619,79.80295566502463,45.1559934318555,66.83087027914614,76,13,27,40,16
119,170,Ryan Nugent-Hopkins,EDM,C,73.89162561576354,51.231527093596064,93.76026272577997,30.21346469622332,80,18,49,67,36
120,263,Anthony Duclair,"S.J, T.B",L,52.545155993431855,54.8440065681445,82.43021346469622,36.45320197044335,73,24,18,42,34
121,265,Oliver Bjorkstrand,SEA,R,93.10344827586206,92.61083743842364,82.10180623973727,23.645320197044335,82,20,39,59,12
122,276,J.T. Compher,DET,L,20.689655172413794,33.33333333333333,50.41050903119869,26.60098522167488,77,19,29,48,34
123,374,Frank Vatrano,ANA,R,31.69129720853859,51.88834154351396,86.37110016420363,3.284072249589491,82,37,23,60,85
124,387,Timo Meier,N.J,R,43.84236453201971,60.591133004926114,61.904761904761905,8.866995073891626,69,28,24,52,45
125,412,Daniel Sprong,DET,R,45.320197044334975,64.86042692939245,72.2495894909688,9.688013136289,76,18,25,43,22
126,439,Troy Terry,ANA,R,72.08538587848933,64.03940886699507,76.51888341543514,44.499178981937604,76,20,34,54,24
127,492,Pierre-Luc Dubois,L.A,C,32.34811165845649,32.51231527093596,57.799671592775034,14.942528735632186,82,16,24,40,70
128,741,Ilya Mikheyev,VAN,R,95.07389162561576,97.04433497536947,55.66502463054187,42.69293924466338,78,11,20,31,4
129,8,Alex Ovechkin,WSH,L,78.65353037766832,85.0574712643678,87.35632183908046,3.4482758620689653,79,31,34,65,20
130,74,Kyle Palmieri,NYI,C,76.35467980295566,70.27914614121511,90.80459770114942,14.614121510673234,82,30,24,54,26
131,103,Anders Lee,NYI,L,81.77339901477832,48.60426929392447,94.25287356321839,41.37931034482759,81,20,17,37,68
132,138,Mikael Granlund,S.J,C,33.004926108374384,39.08045977011494,68.80131362889983,46.63382594417077,69,12,48,60,32
133,146,Mark Stone,VGK,R,77.01149425287356,73.72742200328408,87.84893267651888,15.599343185550083,56,16,37,53,22
134,225,Jordan Martinook,CAR,L,72.9064039408867,53.03776683087028,63.54679802955665,73.72742200328408,82,14,18,32,36
135,241,Alex Kerfoot,ARI,C,31.03448275862069,28.899835796387517,50.90311986863711,43.34975369458128,82,13,32,45,26
136,396,Tommy Novak,NSH,C,99.17898193760263,96.71592775041051,91.78981937602627,75.36945812807882,71,18,27,45,8
137,410,Nicolas Roy,VGK,C,55.500821018062396,56.65024630541872,51.724137931034484,82.43021346469622,70,13,28,41,29
138,499,Tage Thompson,BUF,C,73.5632183908046,66.50246305418719,84.40065681444992,26.272577996715928,71,29,27,56,43
139,509,Ross Colton,COL,C,55.82922824302135,57.96387520525451,77.504105090312,12.479474548440066,80,17,23,40,61
140,762,Drew O'Connor,PIT,L,61.74055829228243,68.96551724137932,64.69622331691298,37.76683087027914,79,16,17,33,20
141,21,Brad Marchand,BOS,L,41.050903119868636,38.25944170771757,72.9064039408867,25.12315270935961,82,29,38,67,78
142,59,Jordan Eberle,SEA,R,84.56486042692939,67.65188834154351,84.23645320197043,62.88998357963875,78,17,27,44,17
143,110,Mats Zuccarello,MIN,R,55.172413793103445,28.24302134646962,69.6223316912972,49.75369458128079,69,12,51,63,30
144,186,Rickard Rakell,PIT,R,71.75697865353038,66.66666666666666,75.86206896551724,47.454844006568145,70,15,22,37,22
145,273,Jason Dickinson,CHI,C,63.05418719211823,28.407224958949094,63.8752052545156,93.10344827586206,82,22,13,35,43
146,274,Ryan Hartman,MIN,R,52.052545155993435,49.42528735632184,70.60755336617406,33.66174055829228,74,21,24,45,72
147,373,Andrew Mangiapane,CGY,L,60.26272577996716,43.34975369458128,80.623973727422,31.527093596059114,75,14,26,40,37
148,552,Eeli Tolvanen,SEA,R,43.02134646962233,50.24630541871922,65.84564860426929,21.67487684729064,81,16,25,41,24
149,744,Aliaksei Protas,WSH,C,94.58128078817734,89.16256157635468,86.86371100164205,40.229885057471265,78,6,23,29,8
150,768,Connor Zary,CGY,C,42.69293924466338,42.857142857142854,70.27914614121511,51.88834154351396,63,14,20,34,22
151,844,Cole Sillinger,CBJ,C,40.558292282430216,45.97701149425287,58.29228243021346,32.01970443349754,77,13,19,32,46
152,44,Patrick Kane,DET,R,80.623973727422,69.95073891625616,70.44334975369459,67.81609195402298,50,20,27,47,16
153,47,Mikael Backlund,CGY,C,74.54844006568145,62.88998357963875,76.0262725779967,58.620689655172406,82,15,24,39,24
154,81,Brayden Schenn,STL,C,10.344827586206897,20.19704433497537,59.44170771756979,13.957307060755337,82,20,26,46,56
155,143,Brendan Gallagher,MTL,R,68.80131362889983,55.008210180623976,88.83415435139574,35.467980295566505,77,16,15,31,64
156,171,Jonathan Huberdeau,CGY,C,40.72249589490969,24.46633825944171,70.77175697865353,31.362889983579638,81,12,40,52,49
157,185,Vladislav Namestnikov,WPG,C,41.54351395730706,25.615763546798032,60.91954022988506,60.75533661740559,78,11,26,37,37
158,217,Chandler Stephenson,VGK,C,18.226600985221676,24.137931034482758,53.03776683087028,7.389162561576355,75,16,35,51,25
159,267,Nicholas Paul,T.B,L,59.277504105090316,71.10016420361248,55.82922824302135,32.34811165845649,82,24,22,46,27
160,360,Dakota Joshua,VAN,C,73.72742200328408,46.96223316912972,73.72742200328408,68.4729064039409,63,18,14,32,60
161,443,Mason Appleton,WPG,C,34.646962233169134,31.362889983579638,61.083743842364534,31.03448275862069,82,14,22,36,26
162,540,Morgan Geekie,BOS,C,39.90147783251231,35.960591133004925,71.92118226600985,37.11001642036125,76,17,22,39,28
163,656,Kirill Marchenko,CBJ,R,71.42857142857143,82.43021346469622,54.35139573070607,61.24794745484401,78,23,19,42,14
164,799,Luke Evangelista,NSH,R,86.37110016420363,80.78817733990148,76.84729064039408,64.69622331691298,80,16,23,39,18
165,853,Mason McTavish,ANA,C,33.66174055829228,44.827586206896555,86.5353037766831,2.7914614121510675,64,19,23,42,84
166,906,Andrei Kuzmenko,"CGY, VAN",L,82.92282430213464,79.96715927750411,79.80295566502463,36.1247947454844,72,22,24,46,12
167,43,David Perron,DET,L,19.047619047619047,22.495894909688012,38.587848932676515,45.812807881773395,76,17,30,47,45
168,139,Nino Niederreiter,WPG,R,76.0262725779967,57.307060755336614,73.23481116584564,60.26272577996716,77,18,16,34,34
169,158,Adam Lowry,WPG,C,70.11494252873564,37.274220032840724,75.36945812807882,79.14614121510674,81,12,23,35,57
170,183,Stefan Noesen,CAR,R,66.83087027914614,50.08210180623974,61.74055829228243,78.32512315270937,81,14,23,37,33
171,416,Lawson Crouse,ARI,L,50.41050903119869,52.38095238095239,75.69786535303777,24.63054187192118,81,23,19,42,36
172,427,Anthony Cirelli,T.B,C,66.50246305418719,54.187192118226605,74.71264367816092,42.5287356321839,79,20,25,45,38
173,519,Michael Carcone,ARI,L,32.84072249589491,43.67816091954023,54.679802955665025,7.717569786535304,74,21,8,29,35
174,542,Michael Rasmussen,DET,C,32.18390804597701,23.645320197044335,49.26108374384236,58.78489326765188,75,13,20,33,47
175,562,Morgan Frost,PHI,C,62.39737274220033,49.75369458128079,63.38259441707718,63.54679802955665,71,13,28,41,22
176,613,Kiefer Sherwood,NSH,L,41.37931034482759,49.26108374384236,45.48440065681445,63.38259441707718,68,10,17,27,41
177,619,Philipp Kurashev,CHI,C,33.33333333333333,34.646962233169134,62.39737274220033,8.045977011494253,75,18,36,54,23
178,622,Ryan McLeod,EDM,C,84.89326765188834,82.59441707717569,46.141215106732346,68.96551724137932,81,12,18,30,10
179,700,Dylan Cozens,BUF,C,38.91625615763547,46.4696223316913,75.53366174055829,27.257799671592775,79,18,29,47,42
180,784,Dawson Mercer,N.J,C,32.01970443349754,38.752052545156,40.229885057471265,25.287356321839084,82,20,13,33,29
181,792,Alexander Holtz,N.J,R,50.24630541871922,73.5632183908046,30.541871921182267,28.57142857142857,82,16,12,28,14
182,825,Yegor Chinakhov,CBJ,R,95.89490968801314,96.88013136288998,64.36781609195403,63.2183908045977,53,16,13,29,6
183,876,Logan Cooley,ARI,C,47.454844006568145,55.33661740558292,46.96223316912972,27.093596059113302,82,20,24,44,18
184,909,Zach Benson,BUF,L,55.33661740558292,32.34811165845649,74.05582922824301,53.20197044334976,71,11,19,30,36
185,38,James van Riemsdyk,BOS,L,86.69950738916256,70.77175697865353,83.2512315270936,56.15763546798029,71,11,27,38,20
186,149,Ondrej Palat,N.J,L,66.99507389162561,28.078817733990146,86.20689655172413,57.96387520525451,71,11,20,31,37
187,174,Mika Zibanejad,NYR,C,48.44006568144499,34.15435139573071,66.17405582922824,42.364532019704434,81,26,46,72,30
188,176,Sean Couturier,PHI,C,64.69622331691298,42.03612479474548,89.49096880131363,62.725779967159276,74,11,27,38,29
189,192,Yanni Gourde,SEA,C,46.63382594417077,33.497536945812804,78.98193760262726,20.853858784893266,80,11,22,33,62
190,208,Teuvo Teravainen,CAR,L,75.20525451559934,85.87848932676519,53.36617405582923,32.18390804597701,76,25,28,53,10
191,268,Andrew Copp,DET,C,14.77832512315271,23.15270935960591,47.454844006568145,40.558292282430216,79,13,20,33,26
192,319,Sam Bennett,FLA,C,60.09852216748769,51.06732348111659,94.08866995073892,19.047619047619047,69,20,21,41,100
193,342,Ryan Donato,CHI,C,65.68144499178982,56.97865353037766,76.35467980295566,48.93267651888342,78,12,18,30,26
194,421,Jake DeBrusk,BOS,L,88.01313628899837,81.11658456486043,79.63875205254516,60.42692939244664,80,19,21,40,18
195,428,Evan Rodrigues,FLA,C,65.1888341543514,44.33497536945813,75.20525451559934,67.15927750410509,80,12,27,39,34
196,587,Fabian Zetterlund,S.J,L,47.12643678160919,52.21674876847291,70.11494252873564,22.003284072249592,82,24,20,44,33
197,642,Jack McBain,ARI,C,53.5303776683087,29.22824302134647,78.81773399014779,41.87192118226601,67,8,18,26,50
198,740,Alex Newhook,MTL,C,43.34975369458128,54.679802955665025,65.68144499178982,20.032840722495894,55,15,19,34,18
199,753,Dmitri Voronkov,CBJ,L,70.27914614121511,48.44006568144499,85.38587848932676,66.66666666666666,75,18,16,34,52
200,32,Alex Killorn,ANA,"C, L",63.71100164203612,36.61740558292282,86.69950738916256,49.589490968801314,63,18,18,36,54
201,173,Ryan Strome,ANA,C,14.449917898193759,15.435139573070607,74.54844006568145,9.35960591133005,79,11,30,41,86
202,295,Valeri Nichushkin,COL,R,60.42692939244664,65.84564860426929,87.02791461412151,15.763546798029557,54,28,25,53,22
203,802,Cole Perfetti,WPG,C,88.3415435139573,84.23645320197043,62.5615763546798,75.04105090311987,71,19,19,38,12
204,30,Jordan Staal,CAR,C,58.128078817733986,27.586206896551722,69.12972085385879,83.08702791461413,80,10,20,30,44
205,102,Erik Haula,N.J,L,62.88998357963875,41.87192118226601,65.51724137931035,63.8752052545156,76,16,19,35,54
206,228,Teddy Blueger,VAN,C,55.66502463054187,28.735632183908045,71.26436781609196,49.096880131362894,68,6,22,28,31
207,290,Elias Lindholm,"CGY, VAN",C,29.39244663382594,47.12643678160919,32.34811165845649,7.8817733990147785,75,15,29,44,25
208,355,Sam Lafferty,VAN,C,25.287356321839084,38.42364532019704,26.929392446633827,30.377668308702795,79,13,11,24,32
209,408,Jack Roslovic,"CBJ, NYR",C,57.47126436781609,58.29228243021346,82.59441707717569,19.54022988505747,59,9,22,31,16
210,610,Pius Suter,VAN,C,83.41543513957306,63.71100164203612,67.81609195402298,69.12972085385879,67,14,15,29,16
211,630,Jesperi Kotkaniemi,CAR,C,42.5287356321839,47.783251231527096,68.96551724137932,16.091954022988507,79,12,15,27,36
212,667,Martin Pospisil,CGY,C,72.41379310344827,49.589490968801314,88.99835796387521,76.84729064039408,63,8,16,24,109
213,723,Connor McMichael,WSH,C,42.857142857142854,43.02134646962233,61.24794745484401,24.794745484400657,80,18,15,33,34
214,725,Nicholas Robertson,TOR,L,93.92446633825944,97.20853858784893,49.42528735632184,51.55993431855501,56,14,13,27,4
215,735,Pavel Dorofeyev,VGK,L,87.192118226601,77.17569786535303,75.04105090311987,56.48604269293924,47,13,11,24,12
216,774,Jake Neighbours,STL,L,42.364532019704434,63.8752052545156,55.33661740558292,13.464696223316913,77,27,11,38,21
217,786,Anton Lundell,FLA,C,50.73891625615764,34.8111658456486,57.14285714285714,48.76847290640394,78,13,22,35,46
218,806,Tyson Foerster,PHI,R,66.66666666666666,32.84072249589491,59.93431855500822,81.9376026272578,77,20,13,33,32
219,73,Marcus Johansson,MIN,L,53.20197044334976,40.39408866995074,57.96387520525451,45.1559934318555,78,11,19,30,22
220,90,Tomas Tatar,"COL, SEA",L,49.589490968801314,46.30541871921182,58.620689655172406,36.94581280788177,70,9,15,24,20
221,124,Kevin Hayes,STL,R,79.3103448275862,83.74384236453201,58.78489326765188,57.799671592775034,79,13,16,29,12
222,161,Jean-Gabriel Pageau,NYI,C,45.48440065681445,58.94909688013136,32.18390804597701,16.748768472906402,82,11,22,33,13
223,164,Boone Jenner,CBJ,C,67.15927750410509,59.60591133004927,73.07060755336617,34.97536945812808,58,22,13,35,28
224,200,Scott Laughton,PHI,C,11.330049261083744,22.33169129720854,30.706075533661743,3.1198686371100166,82,13,26,39,69
225,266,Miles Wood,COL,L,30.706075533661743,45.812807881773395,66.00985221674877,2.134646962233169,74,9,17,26,75
226,298,Alex Wennberg,"NYR, SEA",C,42.03612479474548,59.11330049261084,39.90147783251231,24.46633825944171,79,10,20,30,14
227,350,Michael Amadio,VGK,R,64.03940886699507,68.80131362889983,53.69458128078818,49.917898193760266,73,14,13,27,16
228,367,Jake Evans,MTL,C,22.33169129720854,26.272577996715928,46.63382594417077,19.868637110016422,82,7,21,28,24
229,836,Matty Beniers,SEA,C,49.096880131362894,62.39737274220033,48.11165845648605,39.737274220032845,77,15,22,37,20
230,51,Lars Eller,PIT,C,34.31855500821018,31.03448275862069,29.55665024630542,78.81773399014779,82,15,16,31,32
231,113,Jason Zucker,"ARI, NSH",L,36.28899835796388,48.93267651888342,52.545155993431855,12.31527093596059,69,14,18,32,79
232,301,Curtis Lazar,N.J,C,31.362889983579638,23.973727422003286,31.85550082101806,69.45812807881774,71,7,18,25,44
233,527,Justin Danforth,CBJ,R,46.141215106732346,31.527093596059114,61.57635467980296,37.93103448275862,71,10,16,26,26
234,626,Joe Veleno,DET,C,17.898193760262725,16.748768472906402,43.67816091954023,41.21510673234811,80,12,16,28,25
235,775,Ridly Greig,OTT,C,31.527093596059114,19.21182266009852,54.02298850574713,59.60591133004927,72,13,13,26,66
236,821,Bobby McMann,TOR,C,51.39573070607554,54.51559934318555,37.93103448275862,54.02298850574713,56,15,9,24,52
237,838,William Eklund,S.J,L,49.917898193760266,25.287356321839084,66.83087027914614,57.47126436781609,80,16,29,45,28
238,912,Adam Fantilli,CBJ,C,44.499178981937604,67.48768472906403,41.21510673234811,23.316912972085387,49,12,15,27,16
239,69,Cam Atkinson,PHI,R,30.049261083743843,50.73891625615764,52.21674876847291,12.807881773399016,70,13,15,28,27
240,97,Casey Cizikas,NYI,C,28.899835796387517,33.66174055829228,24.958949096880133,67.32348111658456,70,10,13,23,22
241,223,Jimmy Vesey,NYR,L,30.377668308702795,42.5287356321839,19.868637110016422,46.4696223316913,80,13,13,26,20
242,227,Colton Sissons,NSH,C,21.182266009852217,22.003284072249592,36.28899835796388,21.34646962233169,81,15,20,35,38
243,331,Robby Fabbri,DET,C,33.16912972085386,37.76683087027914,60.26272577996716,10.83743842364532,68,18,14,32,32
244,473,Sam Steel,DAL,C,20.032840722495894,18.226600985221676,20.361247947454846,72.41379310344827,77,9,15,24,29
245,518,Michael Eyssimont,T.B,C,51.06732348111659,36.94581280788177,52.70935960591133,79.3103448275862,81,11,14,25,104
246,555,Gabriel Vilardi,WPG,C,45.64860426929393,69.78653530377669,67.32348111658456,4.926108374384237,47,22,14,36,14
247,572,Ryan Poehling,PHI,C,83.74384236453201,88.3415435139573,62.06896551724138,43.67816091954023,77,11,17,28,6
248,576,Alexandre Texier,CBJ,C,15.92775041050903,15.92775041050903,65.02463054187191,11.822660098522167,78,12,18,30,38
249,586,Eetu Luostarinen,FLA,C,48.60426929392447,43.18555008210181,42.5287356321839,59.77011494252874,82,12,15,27,26
250,633,Jack Drury,CAR,C,51.231527093596064,34.31855500821018,42.03612479474548,77.83251231527095,74,8,19,27,33
251,669,Paul Cotter,VGK,C,29.720853858784896,29.064039408866993,40.06568144499179,31.198686371100166,76,7,18,25,31
252,759,Tye Kartye,SEA,L,26.436781609195403,35.467980295566505,37.274220032840724,32.67651888341543,77,11,9,20,37
253,804,Alex Laferriere,L.A,R,26.929392446633827,41.21510673234811,36.1247947454844,6.403940886699508,81,12,11,23,46
254,27,Cal Clutterbuck,NYI,R,33.825944170771756,35.63218390804598,19.21182266009852,76.0262725779967,82,7,12,19,32
255,96,Craig Smith,DAL,C,57.14285714285714,46.63382594417077,49.096880131362894,80.45977011494253,75,11,9,20,33
256,105,Nic Dowd,WSH,C,18.7192118226601,14.942528735632186,24.46633825944171,61.904761904761905,64,12,10,22,47
257,181,Joel Armia,MTL,R,67.98029556650246,45.48440065681445,69.95073891625616,65.51724137931035,66,17,8,25,34
258,326,Sonny Milano,WSH,L,65.35303776683087,64.20361247947454,58.94909688013136,67.98029556650246,49,15,8,23,10
259,366,Pierre Engvall,NYI,L,82.75862068965517,62.5615763546798,81.2807881773399,69.29392446633827,74,10,18,28,18
260,386,Jordan Greenway,BUF,L,12.31527093596059,15.599343185550083,41.54351395730706,47.783251231527096,67,10,18,28,64
261,628,Filip Zadina,S.J,R,37.11001642036125,58.128078817733986,68.63711001642037,1.8062397372742198,72,13,10,23,18
262,684,Logan O'Connor,COL,R,62.06896551724138,39.57307060755337,72.41379310344827,59.277504105090316,57,13,12,25,34
263,693,Brett Leason,ANA,R,39.40886699507389,58.45648604269294,31.03448275862069,30.706075533661743,68,11,11,22,14
264,801,Hendrix Lapierre,WSH,C,78.98193760262726,88.50574712643679,45.97701149425287,33.16912972085386,51,8,14,22,4
265,144,Jesper Fast,CAR,R,67.48768472906403,42.20032840722496,57.47126436781609,86.20689655172413,73,6,13,19,16
266,207,Tomas Hertl,"S.J, VGK",C,78.48932676518884,71.75697865353038,85.87848932676519,41.050903119868636,54,17,21,38,22
267,271,Michael McCarron,NSH,R,31.198686371100166,33.825944170771756,35.30377668308703,37.4384236453202,70,12,10,22,100
268,281,Artturi Lehkonen,COL,L,82.10180623973727,53.36617405582923,81.77339901477832,82.59441707717569,45,16,18,34,14
269,394,Christian Fischer,DET,R,17.077175697865353,16.912972085385878,48.93267651888342,32.51231527093596,79,5,14,19,36
270,497,Michael McLeod,N.J,C,69.45812807881774,66.99507389162561,71.75697865353038,55.500821018062396,45,10,9,19,10
271,580,Alex Iafallo,WPG,L,75.36945812807882,90.47619047619048,33.825944170771756,59.11330049261084,82,11,16,27,6
272,601,Alexey Toropchenko,STL,R,23.48111658456486,30.049261083743843,29.39244663382594,48.60426929392447,82,14,7,21,30
273,749,Valtteri Puustinen,PIT,R,93.59605911330048,86.69950738916256,51.39573070607554,87.84893267651888,52,5,15,20,6
274,764,Cole Smith,NSH,L,24.63054187192118,22.988505747126435,27.42200328407225,51.39573070607554,80,9,14,23,63
275,805,Will Cuylle,NYR,L,27.093596059113302,30.377668308702795,32.84072249589491,72.08538587848933,81,13,8,21,56
276,10,Blake Wheeler,NYR,R,24.46633825944171,24.958949096880133,43.84236453201971,44.006568144499184,54,9,12,21,23
277,22,Nick Foligno,CHI,L,30.21346469622332,16.25615763546798,59.277504105090316,52.38095238095239,74,17,20,37,57
278,46,Evgenii Dadonov,DAL,R,56.65024630541872,78.98193760262726,36.61740558292282,27.750410509031198,51,12,11,23,8
279,95,Marcus Foligno,MIN,L,50.90311986863711,16.091954022988507,40.88669950738916,88.17733990147784,55,9,12,21,59
280,128,Jaden Schwartz,SEA,C,44.17077175697865,35.30377668308703,56.65024630541872,54.187192118226605,62,13,17,30,24
281,256,Jonny Brodzinski,NYR,C,68.30870279146141,77.83251231527095,47.29064039408867,56.65024630541872,57,6,13,19,8
282,332,Kasperi Kapanen,STL,R,44.827586206896555,52.052545155993435,48.76847290640394,29.064039408866993,73,6,16,22,14
283,455,Joey Anderson,CHI,R,90.9688013136289,78.65353037766832,60.42692939244664,94.41707717569786,55,5,12,17,8
284,475,Beck Malenstyn,WSH,L,22.824302134646963,20.853858784893266,25.779967159277504,52.70935960591133,81,6,15,21,25
285,712,Bobby Brink,PHI,R,58.78489326765188,69.45812807881774,34.646962233169134,55.66502463054187,57,11,12,23,10
286,842,Dylan Guenther,ARI,R,74.71264367816092,65.51724137931035,74.38423645320196,38.752052545156,45,18,17,35,14
287,5,Corey Perry,"CHI, EDM",R,32.51231527093596,29.88505747126437,38.91625615763547,52.545155993431855,54,12,10,22,46
288,24,Kyle Okposo,"BUF, FLA",R,29.22824302134647,27.257799671592775,45.812807881773395,51.724137931034484,67,12,10,22,34
289,111,Calle Jarnkrok,TOR,C,63.2183908045977,44.499178981937604,76.68308702791461,47.29064039408867,52,10,11,21,18
290,156,Sean Kuraly,CBJ,C,25.94417077175698,29.720853858784896,42.20032840722496,33.004926108374384,62,9,9,18,40
291,236,Josh Anderson,MTL,R,19.868637110016422,22.660098522167488,40.558292282430216,4.597701149425287,78,9,11,20,74
292,340,Nicolas Aube-Kubel,WSH,R,20.525451559934318,19.047619047619047,22.824302134646963,79.80295566502463,60,6,10,16,23
293,395,Keegan Kolesar,VGK,R,9.195402298850574,11.16584564860427,25.287356321839084,45.48440065681445,79,8,10,18,49
294,474,Brett Howden,VGK,C,10.50903119868637,17.077175697865353,33.497536945812804,5.0903119868637114,72,8,11,19,29
295,660,Pontus Holmberg,TOR,R,48.76847290640394,33.99014778325123,41.87192118226601,72.57799671592775,54,7,10,17,18
296,696,Peyton Krebs,BUF,C,10.180623973727423,3.6124794745484397,35.960591133004925,71.10016420361248,80,4,13,17,67
297,734,Simon Holmstrom,NYI,R,39.08045977011494,63.54679802955665,21.510673234811165,22.167487684729064,75,15,10,25,14
298,779,Jack Quinn,BUF,R,80.45977011494253,91.95402298850574,85.55008210180624,12.151067323481117,27,9,10,19,8
299,37,Pat Maroon,"BOS, MIN",L,9.688013136289,10.016420361247947,34.15435139573071,17.24137931034483,51,4,12,16,60
300,72,Mike Hoffman,S.J,C,11.494252873563218,11.001642036124796,43.18555008210181,68.63711001642037,66,10,13,23,20
301,206,Tom Wilson,WSH,R,45.1559934318555,20.689655172413794,70.93596059113301,44.991789819376024,74,18,17,35,133
302,212,Radek Faksa,DAL,C,36.1247947454844,40.88669950738916,27.914614121510674,77.99671592775042,74,7,12,19,20
303,307,Conor Sheary,T.B,L,28.57142857142857,26.76518883415435,33.99014778325123,67.48768472906403,57,4,11,15,12
304,571,Josh Norris,OTT,C,25.451559934318556,32.67651888341543,50.24630541871922,16.420361247947454,50,16,14,30,22
305,581,David Kampf,TOR,C,12.807881773399016,27.750410509031198,11.822660098522167,30.541871921182267,78,8,11,19,18
306,593,Noah Cates,PHI,L,97.86535303776684,95.07389162561576,69.78653530377669,85.55008210180624,59,6,12,18,0
307,602,Morgan Barron,WPG,C,17.4055829228243,24.63054187192118,24.794745484400657,70.11494252873564,80,11,7,18,23
308,658,Connor Dewar,"MIN, TOR",C,16.58456486042693,20.361247947454846,20.853858784893266,53.5303776683087,74,11,8,19,28
309,713,Kaapo Kakko,NYR,R,38.752052545156,22.167487684729064,47.94745484400657,68.80131362889983,61,13,6,19,24
310,730,Shane Pinto,OTT,C,82.26600985221675,60.09852216748769,93.92446633825944,53.03776683087028,41,9,18,27,14
311,835,Kent Johnson,CBJ,C,54.187192118226605,64.5320197044335,44.499178981937604,71.75697865353038,42,6,10,16,10
312,911,Leo Carlsson,ANA,C,68.63711001642037,41.37931034482759,80.29556650246306,66.00985221674877,55,12,17,29,16
313,17,Andrew Cogliano,COL,C,21.01806239737274,18.555008210180624,15.763546798029557,85.87848932676519,75,6,13,19,16
314,134,Ryan Johansen,COL,C,14.285714285714285,13.957307060755337,16.091954022988507,40.39408866995074,63,13,10,23,34
315,159,Nick Cousins,FLA,C,25.779967159277504,21.67487684729064,41.050903119868636,23.48111658456486,69,7,8,15,64
316,204,Zemgus Girgensons,BUF,L,28.078817733990146,25.779967159277504,39.40886699507389,55.82922824302135,63,8,6,14,21
317,243,Liam O'Brien,ARI,C,13.793103448275861,11.494252873563218,27.586206896551722,50.90311986863711,75,5,9,14,153
318,258,Hudson Fasching,NYI,R,56.48604269293924,70.93596059113301,22.988505747126435,78.16091954022988,45,4,10,14,6
319,425,Yakov Trenin,"COL, NSH",C,36.7816091954023,27.42200328407225,36.45320197044335,65.1888341543514,76,12,5,17,40
320,479,Max Jones,ANA,L,45.97701149425287,33.004926108374384,52.052545155993435,73.5632183908046,52,5,10,15,33
321,721,Philip Tomasino,NSH,C,61.904761904761905,57.47126436781609,77.66830870279146,21.839080459770116,41,7,13,20,15
322,25,Trevor Lewis,L.A,C,30.870279146141215,47.94745484400657,28.407224958949094,55.33661740558292,82,8,8,16,20
323,76,Jakob Silfverberg,ANA,R,54.8440065681445,17.733990147783253,50.57471264367817,91.29720853858785,81,7,12,19,24
324,115,Evgeny Kuznetsov,"CAR, WSH",C,5.747126436781609,10.180623973727423,25.12315270935961,6.075533661740558,63,8,16,24,30
325,201,Mark Jankowski,NSH,C,88.17733990147784,65.35303776683087,80.45977011494253,92.28243021346469,32,7,8,15,8
326,280,Justin Bailey,S.J,R,83.2512315270936,80.29556650246306,64.86042692939245,84.07224958949097,59,5,9,14,6
327,312,Garnet Hathaway,PHI,R,39.24466338259442,18.39080459770115,39.24466338259442,70.60755336617406,82,7,10,17,132
328,453,Brandon Tanev,SEA,L,10.016420361247947,13.464696223316913,26.60098522167488,29.55665024630542,66,7,9,16,51
329,549,Jesper Boqvist,BOS,C,81.60919540229885,67.15927750410509,44.33497536945813,88.66995073891626,47,6,8,14,8
330,609,Parker Kelly,OTT,L,10.83743842364532,12.97208538587849,21.01806239737274,73.39901477832512,80,8,10,18,30
331,702,Trevor Zegras,ANA,C,62.725779967159276,39.24466338259442,90.47619047619048,30.870279146141215,31,6,9,15,30
332,788,Lukas Reichel,CHI,L,21.34646962233169,36.7816091954023,42.364532019704434,3.9408866995073892,65,5,11,16,12
333,891,Matthew Poitras,BOS,C,68.14449917898193,61.24794745484401,71.5927750410509,34.48275862068966,33,5,10,15,6
334,49,Max Pacioretty,WSH,L,49.75369458128079,33.16912972085386,66.66666666666666,38.587848932676515,47,4,19,23,25
335,239,Connor Brown,EDM,R,45.812807881773395,68.4729064039409,8.045977011494253,43.84236453201971,71,4,8,12,10
336,262,Mattias Janmark,EDM,C,8.538587848932677,6.403940886699508,11.986863711001643,57.307060755336614,71,4,8,12,46
337,305,Nathan Walker,STL,L,17.733990147783253,15.270935960591133,30.870279146141215,81.60919540229885,45,7,6,13,18
338,507,Brandon Duhaime,"COL, MIN",R,17.569786535303777,18.0623973727422,28.57142857142857,22.660098522167488,80,5,8,13,70
339,513,Michael Pezzetta,MTL,L,20.853858784893266,14.12151067323481,23.15270935960591,83.2512315270936,61,3,9,12,59
340,522,Tanner Jeannot,T.B,L,25.615763546798032,11.330049261083744,31.198686371100166,79.96715927750411,55,7,7,14,75
341,553,Klim Kostin,"DET, S.J",C,13.136288998357964,9.852216748768473,44.827586206896555,41.70771756978653,52,8,6,14,53
342,16,T.J. Oshie,WSH,R,15.435139573070607,17.4055829228243,49.589490968801314,11.494252873563218,52,12,13,25,44
343,71,Tyler Johnson,CHI,C,9.852216748768473,13.30049261083744,34.8111658456486,13.136288998357964,67,17,14,31,26
344,142,Sam Carrick,"ANA, EDM",C,6.896551724137931,8.70279146141215,21.34646962233169,45.97701149425287,77,10,6,16,102
345,199,Tanner Pearson,MTL,L,16.091954022988507,24.302134646962234,33.33333333333333,16.912972085385878,54,5,8,13,21
346,224,Chris Tierney,N.J,C,4.269293924466338,5.747126436781609,13.628899835796387,80.13136288998358,52,4,8,12,21
347,309,Ryan Carpenter,S.J,C,85.71428571428571,72.57799671592775,69.29392446633827,91.46141215106732,62,5,7,12,6
348,365,Victor Olofsson,BUF,L,57.307060755336614,81.44499178981938,21.182266009852217,61.083743842364534,51,7,8,15,4
349,411,Anthony Beauvillier,"CHI, NSH, VAN",L,63.38259441707718,85.71428571428571,48.60426929392447,12.643678160919542,60,5,12,17,8
350,456,Luke Kunin,S.J,C,6.075533661740558,8.045977011494253,36.7816091954023,16.58456486042693,77,11,7,18,83
351,487,Boris Katchouk,"CHI, OTT",L,59.60591133004927,42.364532019704434,64.03940886699507,62.5615763546798,59,7,6,13,12
352,496,Nathan Bastian,N.J,R,18.39080459770115,25.94417077175698,18.226600985221676,51.231527093596064,54,5,7,12,32
353,501,Alex Nylander,"CBJ, PIT",L,86.04269293924466,74.8768472906404,94.58128078817734,33.497536945812804,28,11,4,15,6
354,523,Mathieu Olivier,CBJ,R,11.16584564860427,9.35960591133005,32.01970443349754,65.35303776683087,54,5,7,12,70
355,560,MacKenzie Entwistle,CHI,R,4.433497536945813,7.717569786535304,54.187192118226605,10.673234811165845,67,5,6,11,47
356,590,Emil Bemstrom,"CBJ, PIT","C, R",28.735632183908045,48.76847290640394,23.48111658456486,74.2200328407225,56,8,8,16,12
357,692,Blake Lizotte,L.A,C,27.257799671592775,23.316912972085387,39.57307060755337,58.94909688013136,62,7,8,15,20
358,717,Arthur Kaliyev,L.A,R,71.26436781609196,56.15763546798029,84.72906403940887,50.24630541871922,51,7,8,15,14
359,148,Colin Blackwell,CHI,C,79.47454844006569,67.32348111658456,67.65188834154351,90.9688013136289,44,8,4,12,10
360,189,Barclay Goodrow,NYR,C,0.3284072249589491,1.6420361247947455,10.180623973727423,13.793103448275861,80,4,8,12,78
361,215,Oskar Sundqvist,STL,C,4.597701149425287,6.732348111658457,20.032840722495894,49.26108374384236,71,6,15,21,32
362,250,Dominik Kubalik,OTT,L,5.582922824302135,12.31527093596059,9.35960591133005,18.0623973727422,74,11,4,15,19
363,390,A.J. Greer,CGY,L,20.361247947454846,23.809523809523807,23.973727422003286,41.54351395730706,59,6,6,12,35
364,432,Kevin Stenlund,FLA,C,1.6420361247947455,3.4482758620689653,6.896551724137931,18.88341543513957,81,11,4,15,62
365,532,Kailer Yamamoto,SEA,R,35.79638752052545,19.376026272578,37.76683087027914,81.77339901477832,59,8,8,16,18
366,544,Cody Glass,NSH,C,20.19704433497537,35.79638752052545,31.527093596059114,2.2988505747126435,41,6,7,13,20
367,606,Mark Kastelic,OTT,C,26.272577996715928,29.55665024630542,26.272577996715928,79.63875205254516,63,5,5,10,63
368,614,Eric Robinson,"BUF, CBJ",L,22.988505747126435,34.97536945812808,49.917898193760266,15.92775041050903,47,3,7,10,19
369,651,Jakub Lauko,BOS,C,7.224958949096879,9.195402298850574,11.494252873563218,74.05582922824301,60,2,8,10,32
370,691,Nico Sturm,S.J,C,29.88505747126437,30.706075533661743,51.55993431855501,40.88669950738916,63,5,8,13,12
371,714,John Beecher,BOS,C,4.105090311986864,11.822660098522167,7.717569786535304,35.63218390804598,52,7,3,10,24
372,843,Logan Stankoven,DAL,C,96.38752052545156,90.14778325123153,98.0295566502463,26.108374384236456,24,6,8,14,4
373,39,Sam Gagner,EDM,C,40.88669950738916,56.48604269293924,24.302134646962234,53.36617405582923,28,5,5,10,10
374,191,Luke Glendening,T.B,C,1.477832512315271,4.269293924466338,3.4482758620689653,57.14285714285714,81,10,1,11,39
375,196,Phillip Di Giuseppe,VAN,L,2.134646962233169,5.582922824302135,17.733990147783253,6.239737274220033,51,5,5,10,36
376,352,Fredrik Olofsson,COL,L,24.137931034482758,30.870279146141215,7.55336617405583,60.591133004926114,57,3,6,9,8
377,463,Julien Gauthier,NYI,R,15.599343185550083,47.61904761904761,13.136288998357964,7.060755336617405,27,5,4,9,8
378,489,Taylor Raddysh,CHI,R,26.108374384236456,17.569786535303777,51.231527093596064,64.20361247947454,73,5,9,14,22
379,490,Noah Gregor,TOR,C,23.809523809523807,44.17077175697865,12.31527093596059,21.01806239737274,63,6,6,12,17
380,529,Vinni Lettieri,MIN,C,11.658456486042693,17.24137931034483,21.67487684729064,17.898193760262725,46,5,4,9,24
381,638,Ty Dellandrea,DAL,C,13.30049261083744,17.898193760262725,28.24302134646962,52.21674876847291,42,2,7,9,23
382,678,Rafael Harvey-Pinard,MTL,L,60.91954022988506,69.6223316912972,22.660098522167488,88.01313628899837,45,2,8,10,6
383,686,Kyle MacLean,NYI,C,22.660098522167488,19.704433497536947,16.420361247947454,82.92282430213464,32,4,5,9,11
384,850,Zack Bolduc,STL,C,33.497536945812804,50.41050903119869,35.79638752052545,76.68308702791461,25,5,4,9,6
385,855,Joshua Roy,MTL,R,99.83579638752053,99.83579638752053,90.9688013136289,72.2495894909688,23,4,5,9,0
386,2,Jeff Carter,PIT,C,21.67487684729064,41.54351395730706,5.747126436781609,65.02463054187191,72,11,4,15,12
387,68,Matt Martin,NYI,L,12.97208538587849,7.224958949096879,15.435139573070607,75.86206896551724,57,4,4,8,43
388,152,Travis Boyd,ARI,C,71.10016420361248,74.38423645320196,61.412151067323485,52.052545155993435,16,2,6,8,2
389,313,Frederick Gaudreau,MIN,C,29.064039408866993,39.737274220032845,19.54022988505747,12.97208538587849,67,5,10,15,12
390,354,Viktor Arvidsson,L.A,R,53.69458128078818,59.93431855500822,93.43185550082102,11.16584564860427,18,6,9,15,14
391,372,Dryden Hunt,CGY,L,37.274220032840724,38.91625615763547,35.139573070607554,69.95073891625616,28,3,5,8,7
392,465,Carl Grundstrom,L.A,R,53.858784893267654,52.87356321839081,51.06732348111659,43.51395730706076,50,8,4,12,12
393,624,Isac Lundestrom,ANA,C,78.81773399014779,83.08702791461413,43.02134646962233,75.20525451559934,46,5,6,11,2
394,672,Jesse Ylönen,MTL,R,26.60098522167488,27.093596059113302,28.078817733990146,39.40886699507389,59,4,4,8,12
395,742,Joel Kiviranta,COL,L,19.21182266009852,22.824302134646963,17.4055829228243,52.87356321839081,56,3,6,9,12
396,769,Dylan Holloway,EDM,L,44.66338259441708,32.18390804597701,28.899835796387517,80.623973727422,38,6,3,9,29
397,840,Matt Coronato,CGY,R,75.69786535303777,92.28243021346469,34.97536945812808,20.19704433497537,34,3,6,9,4
398,3,Zach Parise,COL,L,37.93103448275862,57.14285714285714,37.4384236453202,22.33169129720854,30,5,5,10,8
399,233,Andreas Athanasiou,CHI,C,22.003284072249592,28.57142857142857,59.11330049261084,6.896551724137931,28,2,7,9,7
400,253,Tyler Motte,T.B,C,8.70279146141215,13.793103448275861,15.92775041050903,73.89162561576354,69,6,3,9,28
401,270,Andre Burakovsky,SEA,L,13.957307060755337,21.510673234811165,48.275862068965516,10.016420361247947,49,7,9,16,14
402,282,William Carrier,VGK,L,76.68308702791461,45.1559934318555,73.89162561576354,85.22167487684729,39,6,2,8,16
403,343,Christian Dvorak,MTL,C,39.737274220032845,61.57635467980296,33.004926108374384,44.827586206896555,30,5,4,9,4
404,364,Sammy Blais,STL,L,3.6124794745484397,4.433497536945813,18.0623973727422,66.33825944170772,53,1,6,7,31
405,430,Noel Acciari,PIT,C,9.0311986863711,31.85550082101806,4.105090311986864,29.88505747126437,55,4,3,7,10
406,431,Derek Ryan,EDM,C,40.06568144499179,61.74055829228243,6.732348111658457,78.65353037766832,70,5,7,12,8
407,525,Alex Barré-Boulet,T.B,C,25.12315270935961,36.28899835796388,44.991789819376024,11.001642036124796,36,6,3,9,10
408,665,David Gustafsson,WPG,C,69.29392446633827,89.65517241379311,18.88341543513957,48.11165845648605,39,3,4,7,0
409,766,Mitchell Chaffee,T.B,R,51.88834154351396,66.17405582922824,23.809523809523807,56.97865353037766,30,4,3,7,4
410,817,Alexander Barabanov,S.J,L,23.973727422003286,27.914614121510674,52.38095238095239,38.25944170771757,46,4,9,13,12
411,818,Radim Zohorna,PIT,L,44.991789819376024,39.40886699507389,57.635467980295566,57.635467980295566,33,4,3,7,18
412,827,Nils Aman,VAN,C,22.167487684729064,18.7192118226601,16.58456486042693,56.81444991789819,43,3,4,7,8
413,832,Walker Duehr,CGY,R,38.587848932676515,43.84236453201971,36.94581280788177,47.12643678160919,40,2,5,7,6
414,834,Josh Doan,ARI,R,100.0,100.0,91.46141215106732,85.38587848932676,11,5,4,9,0
415,20,Ryan Reaves,TOR,R,8.045977011494253,8.866995073891626,12.151067323481117,63.71100164203612,49,4,2,6,49
416,147,Michael Sgarbossa,WSH,C,90.14778325123153,87.35632183908046,33.66174055829228,92.9392446633826,25,4,3,7,2
417,314,Pierre-Edouard Bellemare,SEA,L,66.33825944170772,37.60262725779967,44.17077175697865,92.44663382594418,40,4,3,7,6
418,315,Tomas Nosek,N.J,L,15.763546798029557,36.1247947454844,15.599343185550083,11.330049261083744,36,2,4,6,6
419,324,Jakub Vrana,STL,L,19.376026272578,30.541871921182267,58.128078817733986,0.9852216748768473,21,2,4,6,8
420,363,Kevin Labanc,S.J,R,18.555008210180624,13.136288998357964,40.72249589490969,44.66338259441708,46,2,7,9,16
421,450,Ryan Lomberg,FLA,L,3.776683087027915,6.239737274220033,9.852216748768473,39.57307060755337,75,5,2,7,80
422,471,Dillon Dube,CGY,C,27.42200328407225,40.06568144499179,34.48275862068966,10.50903119868637,43,3,4,7,8
423,481,Tyson Jost,BUF,C,12.151067323481117,23.48111658456486,12.97208538587849,36.61740558292282,43,3,3,6,10
424,662,Jonatan Berggren,DET,R,61.412151067323485,61.904761904761905,64.5320197044335,80.95238095238095,12,2,4,6,2
425,803,Brendan Brisson,VGK,C,86.86371100164205,81.2807881773399,72.2495894909688,74.71264367816092,15,2,6,8,2
426,34,Nick Bonino,NYR,C,2.955665024630542,13.628899835796387,5.911330049261084,55.172413793103445,45,1,4,5,8
427,284,Zach Sanford,"ARI, CHI",L,65.51724137931035,58.620689655172406,65.35303776683087,61.57635467980296,29,0,6,6,6
428,336,Brendan Lemieux,CAR,L,16.25615763546798,21.34646962233169,20.689655172413794,29.22824302134647,32,3,2,5,64
429,511,Axel Jonsson-Fjallby,WPG,L,94.90968801313629,96.05911330049261,29.88505747126437,86.5353037766831,26,2,3,5,0
430,515,Matthew Phillips,"PIT, WSH",R,85.87848932676519,90.311986863711,46.79802955665024,64.5320197044335,31,1,4,5,0
431,520,Justin Brazeau,BOS,R,97.37274220032842,87.192118226601,55.008210180623976,95.56650246305419,19,5,2,7,2
432,551,Adam Ruzicka,"ARI, CGY",C,6.239737274220033,8.210180623973727,17.24137931034483,23.15270935960591,42,3,6,9,12
433,596,Olle Lycksell,PHI,R,76.84729064039408,49.096880131362894,51.88834154351396,90.80459770114942,18,1,4,5,6
434,598,Cole Guttman,CHI,C,27.750410509031198,39.90147783251231,47.61904761904761,1.6420361247947455,27,4,4,8,7
435,639,Barrett Hayton,ARI,C,52.87356321839081,19.868637110016422,68.14449917898193,85.71428571428571,33,3,7,10,26
436,680,Reese Johnson,CHI,C,18.0623973727422,10.344827586206897,59.60591133004927,24.958949096880133,42,2,3,5,40
437,688,Jacob Lucchini,MIN,C,0.6568144499178982,1.477832512315271,15.270935960591133,8.538587848932677,40,2,3,5,23
438,750,Juuso Parssinen,NSH,C,7.060755336617405,10.50903119868637,18.555008210180624,18.555008210180624,44,8,4,12,12
439,887,Ivan Miroshnichenko,WSH,L,66.17405582922824,68.30870279146141,72.57799671592775,36.7816091954023,21,2,4,6,6
440,99,Nicolas Deslauriers,PHI,L,3.4482758620689653,5.911330049261084,8.866995073891626,51.06732348111659,60,1,3,4,89
441,118,Tyler Pitlick,NYR,C,35.30377668308703,60.75533661740559,8.374384236453201,49.42528735632184,34,1,3,4,4
442,127,Austin Watson,T.B,L,4.926108374384237,3.776683087027915,7.060755336617405,81.2807881773399,33,2,2,4,83
443,167,Matt Nieto,PIT,L,14.942528735632186,20.032840722495894,9.688013136289,67.65188834154351,22,1,3,4,4
444,197,Brendan Gaunce,CBJ,C,38.42364532019704,26.929392446633827,44.006568144499184,66.50246305418719,24,2,2,4,6
445,220,Devin Shore,SEA,C,64.36781609195403,29.39244663382594,62.725779967159276,90.47619047619048,21,1,3,4,4
446,303,Ross Johnston,ANA,L,1.1494252873563218,2.6272577996715927,14.12151067323481,35.79638752052545,68,1,3,4,117
447,358,Max Willman,N.J,C,37.76683087027914,63.05418719211823,7.389162561576355,84.89326765188834,18,3,1,4,2
448,391,Jansen Harkins,PIT,C,5.41871921182266,7.389162561576355,10.673234811165845,83.9080459770115,45,0,4,4,21
449,452,Kevin Rooney,CGY,C,68.4729064039409,88.83415435139574,23.316912972085387,25.451559934318556,33,3,1,4,2
450,467,Patrik Laine,CBJ,L,18.88341543513957,25.451559934318556,38.25944170771757,23.973727422003286,18,6,3,9,6
451,469,Jesse Puljujarvi,PIT,R,62.23316912972086,44.006568144499184,58.45648604269294,74.54844006568145,22,3,1,4,6
452,486,Givani Smith,S.J,R,41.70771756978653,15.10673234811166,63.05418719211823,77.01149425287356,36,1,3,4,40
453,534,Jonah Gadjovich,FLA,L,12.479474548440066,14.285714285714285,14.77832512315271,53.69458128078818,39,2,2,4,104
454,578,Filip Chytil,NYR,C,77.83251231527095,66.00985221674877,98.35796387520526,85.0574712643678,10,0,6,6,4
455,616,Oliver Wahlstrom,NYI,R,15.10673234811166,18.88341543513957,41.70771756978653,3.776683087027915,32,2,4,6,8
456,640,Akil Thomas,L.A,C,47.61904761904761,60.42692939244664,73.5632183908046,17.569786535303777,7,3,1,4,2
457,701,Alex Turcotte,L.A,C,47.29064039408867,14.614121510673234,67.98029556650246,69.78653530377669,20,1,3,4,6
458,794,Thomas Bordeleau,S.J,C,47.94745484400657,21.01806239737274,68.30870279146141,61.74055829228243,27,6,5,11,18
459,810,Landon Slaggert,CHI,L,16.748768472906402,16.58456486042693,43.34975369458128,70.77175697865353,16,1,3,4,4
460,852,James Malatesta,CBJ,L,19.54022988505747,26.60098522167488,32.51231527093596,56.32183908045977,11,2,2,4,5
461,894,Shane Wright,SEA,C,99.50738916256158,99.50738916256158,97.20853858784893,86.69950738916256,8,4,1,5,0
462,133,Taylor Hall,CHI,L,38.095238095238095,37.93103448275862,55.500821018062396,65.68144499178982,10,2,2,4,4
463,230,Brock McGinn,ANA,L,16.420361247947454,26.108374384236456,29.064039408866993,42.857142857142854,24,1,2,3,4
464,231,Dominic Toninato,WPG,C,37.60262725779967,14.449917898193759,27.257799671592775,89.81937602627258,15,1,4,5,6
465,238,Vinnie Hinostroza,PIT,C,27.586206896551722,44.991789819376024,33.16912972085386,4.105090311986864,14,1,2,3,4
466,244,Kurtis MacDermid,"COL, N.J","D, L",6.732348111658457,5.0903119868637114,7.224958949096879,82.26600985221675,45,2,1,3,73
467,362,Rourke Chartier,OTT,C,16.912972085385878,15.763546798029557,13.793103448275861,66.17405582922824,37,2,1,3,14
468,385,Anthony Richard,BOS,C,28.24302134646962,32.01970443349754,29.720853858784896,10.344827586206897,9,1,2,3,2
469,417,Mitchell Stephens,MTL,C,14.614121510673234,12.151067323481117,21.839080459770116,60.09852216748769,23,2,1,3,4
470,444,Steven Lorentz,FLA,C,11.986863711001643,12.643678160919542,6.403940886699508,20.689655172413794,38,1,2,3,10
471,526,Zack MacEwen,OTT,R,7.55336617405583,10.673234811165845,14.614121510673234,62.23316912972086,30,2,1,3,47
472,530,Mason Shaw,MIN,C,7.8817733990147785,14.77832512315271,20.19704433497537,14.77832512315271,20,1,2,3,34
473,543,Jaret Anderson-Dolan,"L.A, NSH",C,19.704433497536947,19.54022988505747,30.377668308702795,3.6124794745484397,31,1,3,4,6
474,608,Trey Fix-Wolansky,CBJ,R,70.60755336617406,71.92118226600985,89.32676518883416,72.74220032840722,11,2,1,3,2
475,611,James Hamblin,EDM,L,82.43021346469622,91.78981937602627,10.50903119868637,68.14449917898193,31,2,1,3,0
476,641,Liam Foudy,"CBJ, NSH",C,36.61740558292282,43.51395730706076,37.60262725779967,44.17077175697865,13,0,3,3,2
477,674,Angus Crookshank,OTT,L,29.55665024630542,40.229885057471265,26.108374384236456,74.38423645320196,13,2,1,3,4
478,690,Mason Morelli,VGK,L,92.77504105090311,95.56650246305419,42.69293924466338,87.02791461412151,9,3,1,4,0
479,728,Jakob Pelletier,CGY,L,24.302134646962234,30.21346469622332,19.047619047619047,90.64039408866995,13,1,2,3,2
480,813,Marat Khusnutdinov,MIN,C,5.254515599343185,4.597701149425287,23.645320197044335,53.858784893267654,16,1,3,4,6
481,900,Ben Meyers,"ANA, COL",C,3.9408866995073892,5.254515599343185,6.239737274220033,89.32676518883416,23,1,2,3,6
482,26,Milan Lucic,BOS,L,12.643678160919542,6.896551724137931,31.69129720853859,58.45648604269294,4,0,2,2,2
483,129,Chris Wagner,COL,R,13.464696223316913,24.794745484400657,8.210180623973727,50.41050903119869,13,1,1,2,9
484,275,Adam Erne,EDM,L,6.403940886699508,3.284072249589491,3.9408866995073892,54.51559934318555,24,1,1,2,7
485,369,Matthew Highmore,OTT,C,74.38423645320196,90.80459770114942,22.33169129720854,84.72906403940887,7,0,2,2,0
486,476,Riley Tufte,COL,L,21.510673234811165,51.39573070607554,8.70279146141215,0.6568144499178982,5,1,1,2,2
487,550,Jonas Rondbjerg,VGK,R,70.44334975369459,90.9688013136289,6.075533661740558,84.40065681444992,20,1,2,3,0
488,603,Carson Meyer,CBJ,R,31.85550082101806,40.72249589490969,26.436781609195403,77.66830870279146,14,1,1,2,2
489,615,Sheldon Rempal,VGK,R,56.97865353037766,44.66338259441708,45.320197044334975,92.11822660098522,9,2,1,3,4
490,670,Cole Koepke,T.B,L,95.23809523809523,97.86535303776684,38.42364532019704,65.84564860426929,9,0,2,2,0
491,697,Kirby Dach,MTL,C,98.52216748768473,95.40229885057471,77.17569786535303,96.55172413793103,2,0,2,2,0
492,709,Nikita Alexandrov,STL,C,8.374384236453201,9.523809523809524,14.942528735632186,91.62561576354679,23,0,2,2,4
493,739,Vasily Podkolzin,VAN,R,9.35960591133005,4.761904761904762,39.737274220032845,24.302134646962234,19,0,2,2,8
494,755,Adam Edstrom,NYR,C,13.628899835796387,26.436781609195403,10.016420361247947,84.23645320197043,11,2,0,2,2
495,757,Lukas Rousek,BUF,R,66.00985221674877,81.9376026272578,27.093596059113302,87.52052545155993,15,0,2,2,0
496,781,Vasily Ponomarev,CAR,C,92.61083743842364,94.58128078817734,100.0,14.12151067323481,2,1,1,2,0
497,822,Mikael Pyyhtia,CBJ,L,69.95073891625616,88.17733990147784,30.21346469622332,29.720853858784896,17,0,2,2,0
498,823,Matt Rempe,NYR,C,54.679802955665025,36.45320197044335,40.39408866995074,91.95402298850574,17,1,1,2,61
499,890,Liam Ohgren,MIN,L,88.83415435139574,98.85057471264368,38.752052545156,21.510673234811165,4,1,1,2,0
500,920,Jiri Smejkal,OTT,L,35.960591133004925,55.993431855500816,12.643678160919542,45.64860426929393,20,1,1,2,4
501,31,Nicklas Backstrom,WSH,C,9.523809523809524,10.83743842364532,17.898193760262725,70.93596059113301,8,0,1,1,2
502,40,Logan Couture,S.J,C,7.389162561576355,6.075533661740558,44.66338259441708,58.128078817733986,6,0,1,1,4
503,100,Byron Froese,VGK,C,28.407224958949094,16.420361247947454,19.376026272578,86.86371100164205,16,0,1,1,4
504,106,Justin Dowling,N.J,C,96.55172413793103,99.3431855500821,79.96715927750411,17.4055829228243,2,1,0,1,0
505,219,Mackenzie MacEachern,STL,L,51.55993431855501,83.2512315270936,10.83743842364532,88.3415435139573,8,0,1,1,0
506,278,Nic Petan,MIN,C,63.8752052545156,34.48275862068966,95.56650246305419,87.192118226601,6,0,2,2,2
507,311,Patrick Brown,BOS,C,5.0903119868637114,6.568144499178982,4.926108374384237,82.75862068965517,11,0,1,1,2
508,426,Austin Czarnik,DET,C,6.568144499178982,4.105090311986864,24.137931034482758,66.99507389162561,34,0,1,1,12
509,464,Brandon Gignac,MTL,C,70.93596059113301,95.23809523809523,9.523809523809524,8.70279146141215,7,1,0,1,0
510,478,William Lockwood,FLA,R,15.270935960591133,2.955665024630542,11.658456486042693,89.98357963875205,26,0,1,1,16
511,514,Oskar Steen,BOS,C,24.958949096880133,41.050903119868636,3.1198686371100166,86.37110016420363,34,1,0,1,4
512,558,Jack Studnicka,"S.J, VAN",C,8.210180623973727,8.538587848932677,19.704433497536947,62.06896551724138,22,1,0,1,6
513,563,Max Comtois,CAR,L,98.19376026272579,97.70114942528735,96.55172413793103,98.68637110016421,1,0,1,1,0
514,634,Jonathan Gruden,PIT,C,2.4630541871921183,5.41871921182266,3.6124794745484397,88.83415435139574,13,1,0,1,5
515,637,Rasmus Kupari,WPG,C,17.24137931034483,25.12315270935961,4.761904761904762,73.07060755336617,28,0,1,1,4
516,645,Bo Groulx,ANA,C,3.284072249589491,1.3136288998357963,22.003284072249592,77.17569786535303,45,0,2,2,22
517,654,Jan Jenik,ARI,R,4.761904761904762,4.926108374384237,4.433497536945813,96.2233169129721,5,0,1,1,5
518,677,John Leonard,ARI,L,92.9392446633826,94.90968801313629,35.63218390804598,92.61083743842364,6,1,0,1,0
519,694,Nolan Foote,N.J,L,89.65517241379311,96.55172413793103,53.5303776683087,34.8111658456486,4,1,0,1,0
520,711,Adam Beckman,MIN,L,1.8062397372742198,8.374384236453201,3.284072249589491,17.733990147783253,11,0,2,2,12
521,747,Aku Raty,ARI,R,64.20361247947454,84.72906403940887,67.48768472906403,22.495894909688012,1,0,1,1,0
522,758,Nikita Nesterenko,ANA,C,98.85057471264368,99.17898193760263,50.73891625615764,93.76026272577997,3,1,0,1,0
523,763,Brandon Biro,BUF,L,72.74220032840722,87.68472906403942,29.22824302134647,46.96223316912972,5,2,0,2,0
524,780,Danil Gushchin,S.J,L,59.44170771756979,91.13300492610837,2.134646962233169,54.679802955665025,4,1,1,2,0
525,789,Sam Colangelo,ANA,R,34.48275862068966,48.275862068965516,55.172413793103445,40.06568144499179,3,1,0,1,2
526,800,Jean-Luc Foudy,COL,C,96.88013136288998,93.76026272577997,9.35960591133005,98.52216748768473,4,1,0,1,0
527,807,Roby Jarventie,OTT,L,2.2988505747126435,9.688013136289,2.7914614121510675,0.8210180623973727,7,0,1,1,4
528,860,Nikita Chibrikov,WPG,R,93.43185550082102,98.35796387520526,53.858784893267654,75.69786535303777,1,1,0,1,0
529,872,Marc McLaughlin,BOS,C,97.53694581280789,97.53694581280789,80.95238095238095,98.85057471264368,1,1,0,1,0
530,877,Luca Del Bel Belluz,CBJ,C,98.35796387520526,98.52216748768473,5.254515599343185,99.01477832512316,1,1,0,1,0
531,878,Cutter Gauthier,ANA,L,94.41707717569786,96.2233169129721,90.14778325123153,89.49096880131363,1,0,1,1,0
532,883,Brad Lambert,WPG,C,84.40065681444992,89.81937602627258,73.39901477832512,87.68472906403942,1,0,1,1,0
533,888,Frank Nazar,CHI,C,91.29720853858785,94.25287356321839,39.08045977011494,95.40229885057471,3,1,0,1,0
534,901,Milos Kelemen,ARI,L,56.81444991789819,86.20689655172413,12.807881773399016,68.30870279146141,10,0,1,1,0
535,902,Adam Klapka,CGY,R,3.1198686371100166,11.986863711001643,4.597701149425287,1.477832512315271,6,1,0,1,19
536,915,Jason Polin,COL,R,32.67651888341543,12.479474548440066,2.2988505747126435,97.70114942528735,7,1,0,1,2
537,922,Waltteri Merela,T.B,C,26.76518883415435,11.658456486042693,13.464696223316913,94.90968801313629,19,1,0,1,4
538,924,Collin Graf,S.J,R,60.591133004926114,83.9080459770115,32.67651888341543,83.57963875205255,7,0,2,2,0
539,41,Riley Nash,NYR,C,61.24794745484401,76.68308702791461,25.451559934318556,97.86535303776684,1,0,0,0,0
540,151,Max McCormick,SEA,L,39.57307060755337,73.23481116584564,27.750410509031198,94.25287356321839,1,0,0,0,0
541,221,Jujhar Khaira,MIN,L,41.87192118226601,81.60919540229885,0.8210180623973727,97.53694581280789,1,0,0,0,0
542,245,Jayson Megna,BOS,C,69.78653530377669,78.16091954022988,47.783251231527096,94.7454844006568,1,0,0,0,0
543,246,Scott Sabourin,S.J,R,0.16420361247947454,2.134646962233169,8.538587848932677,80.29556650246306,3,0,0,0,9
544,249,Anton Blidh,NYR,L,0.8210180623973727,1.8062397372742198,9.0311986863711,1.9704433497536946,1,0,0,0,2
545,259,John Hayden,SEA,C,56.32183908045977,79.63875205254516,13.957307060755337,94.08866995073892,2,0,0,0,0
546,344,Justin Kirkland,ARI,C,74.05582922824301,82.92282430213464,20.525451559934318,97.04433497536947,2,0,0,0,0
547,361,Oskar Lindblom,S.J,L,73.23481116584564,75.36945812807882,56.32183908045977,99.17898193760263,1,0,0,0,0
548,370,Bokondji Imama,OTT,L,8.866995073891626,1.9704433497536946,22.167487684729064,95.07389162561576,6,0,0,0,7
549,379,Colin White,"MTL, PIT",C,14.12151067323481,21.839080459770116,16.25615763546798,71.42857142857143,28,0,0,0,4
550,402,Glenn Gawdin,ANA,C,11.822660098522167,7.55336617405583,25.615763546798032,82.10180623973727,1,0,0,0,2
551,420,Denis Gurianov,"NSH, PHI",R,81.11658456486043,87.02791461412151,22.495894909688012,93.59605911330048,18,1,1,2,0
552,440,Adam Gaudette,STL,C,24.794745484400657,0.3284072249589491,79.14614121510674,90.311986863711,2,0,0,0,4
553,441,Brett Seney,CHI,L,5.911330049261084,0.49261083743842365,26.76518883415435,93.92446633825944,4,0,0,0,6
554,446,Samuel Laberge,N.J,L,52.21674876847291,74.2200328407225,6.568144499178982,97.37274220032842,2,0,0,0,0
555,451,Andrew Poturalski,SEA,C,43.51395730706076,75.04105090311987,0.9852216748768473,9.852216748768473,2,0,0,0,0
556,498,Brett Murray,BUF,L,30.541871921182267,0.9852216748768473,1.9704433497536946,99.3431855500821,2,0,0,0,2
557,506,Rem Pitlick,CHI,C,22.495894909688012,21.182266009852217,35.467980295566505,44.33497536945813,9,0,0,0,2
558,510,Joona Koppanen,PIT,L,55.008210180623976,86.04269293924466,14.449917898193759,83.74384236453201,4,0,0,0,0
559,517,Rhett Gardner,PHI,C,69.12972085385879,75.86206896551724,12.479474548440066,97.20853858784893,1,0,0,0,0
560,528,Zach Aston-Reese,DET,C,0.49261083743842365,0.8210180623973727,15.10673234811166,93.43185550082102,3,0,0,0,2
561,539,Kole Lind,SEA,R,52.38095238095239,74.05582922824301,30.049261083743843,58.29228243021346,1,0,0,0,0
562,541,Jake Leschyshyn,NYR,C,43.67816091954023,75.20525451559934,2.4630541871921183,78.48932676518884,1,0,0,0,0
563,564,Shane Bowers,N.J,C,73.07060755336617,80.13136288998358,43.51395730706076,89.65517241379311,8,0,0,0,0
564,592,Jacob Peterson,S.J,C,48.275862068965516,82.10180623973727,18.7192118226601,76.51888341543514,6,0,0,0,2
565,595,Marián Studenic,SEA,R,23.15270935960591,2.4630541871921183,45.64860426929393,83.41543513957306,2,0,0,0,2
566,599,Sammy Walker,MIN,C,40.39408866995074,77.504105090312,2.6272577996715927,8.210180623973727,4,0,0,0,0
567,636,Grigori Denisenko,VGK,L,7.717569786535304,3.9408866995073892,31.362889983579638,38.91625615763547,6,0,0,0,2
568,664,Ruslan Iskhakov,NYI,C,60.75533661740559,92.44663382594418,38.095238095238095,88.50574712643679,1,0,1,1,0
569,666,Linus Karlsson,VAN,C,86.20689655172413,83.57963875205255,56.48604269293924,91.13300492610837,4,0,0,0,0
570,676,Hugh McGing,STL,L,61.57635467980296,87.52052545155993,2.955665024630542,72.9064039408867,5,0,0,0,0
571,687,Samuel Fagemo,"L.A, NSH",L,76.51888341543514,91.46141215106732,13.30049261083744,89.16256157635468,8,1,0,1,0
572,689,Joe Snively,WSH,C,53.03776683087028,76.19047619047619,5.0903119868637114,96.05911330049261,3,0,0,0,0
573,703,Raphael Lavoie,EDM,C,2.7914614121510675,3.1198686371100166,14.285714285714285,48.44006568144499,7,0,0,0,2
574,722,Graeme Clarke,N.J,R,2.6272577996715927,2.7914614121510675,46.30541871921182,0.3284072249589491,3,0,0,0,2
575,726,Egor Afanasyev,NSH,L,91.62561576354679,88.99835796387521,41.37931034482759,96.38752052545156,2,0,0,0,0
576,727,Sam Poulin,PIT,R,10.673234811165845,2.2988505747126435,17.077175697865353,91.78981937602627,3,0,0,0,2
577,743,Cole Schwindt,CGY,R,1.3136288998357963,1.1494252873563218,1.8062397372742198,87.35632183908046,4,0,0,0,2
578,746,Tyler Angle,CBJ,C,48.11165845648605,78.48932676518884,1.6420361247947455,0.49261083743842365,2,0,0,0,0
579,773,Justin Sourdif,FLA,R,36.94581280788177,80.95238095238095,0.49261083743842365,84.56486042692939,3,0,0,0,0
580,798,Mavrik Bourque,DAL,C,84.23645320197043,93.43185550082102,25.94417077175698,80.78817733990148,1,0,0,0,0
581,815,Adam Raska,MIN,R,84.07224958949097,77.66830870279146,53.20197044334976,95.89490968801314,5,0,0,0,0
582,816,Gage Goncalves,T.B,C,11.001642036124796,0.16420361247947454,5.582922824302135,98.0295566502463,2,0,0,0,6
583,820,Callahan Burke,CAR,C,38.25944170771757,75.53366174055829,0.16420361247947454,77.504105090312,1,0,0,0,0
584,826,Emil Heineman,MTL,L,65.02463054187191,77.99671592775042,60.75533661740559,46.141215106732346,4,0,0,0,0
585,831,Alex Steeves,TOR,C,81.44499178981938,93.10344827586206,28.735632183908045,70.27914614121511,1,0,0,0,0
586,845,Oskar Olausson,COL,R,46.79802955665024,84.40065681444992,0.3284072249589491,10.180623973727423,1,0,0,0,0
587,846,Mackie Samoskevich,FLA,R,55.993431855500816,86.37110016420363,10.344827586206897,15.270935960591133,7,0,0,0,0
588,854,Brennan Othmann,NYR,L,52.70935960591133,91.62561576354679,7.8817733990147785,93.26765188834155,3,0,0,0,0
589,856,Ryan Winterton,SEA,C,75.04105090311987,87.84893267651888,16.912972085385878,86.04269293924466,9,0,0,0,0
590,858,Isak Rosen,BUF,R,49.26108374384236,85.22167487684729,3.776683087027915,76.19047619047619,7,0,0,0,0
591,859,Zach Dean,STL,C,1.9704433497536946,7.060755336617405,4.269293924466338,2.955665024630542,9,0,0,0,6
592,863,Jackson Blake,CAR,R,54.35139573070607,86.5353037766831,16.748768472906402,0.16420361247947454,1,0,0,0,0
593,865,Zack Ostapchuk,OTT,C,51.724137931034484,83.41543513957306,11.330049261083744,54.35139573070607,7,0,0,0,0
594,869,Logan Morrison,SEA,C,92.11822660098522,92.9392446633826,69.45812807881774,88.99835796387521,4,0,0,0,0
595,870,Cameron Butler,CBJ,R,67.65188834154351,73.23481116584564,42.857142857142854,99.83579638752053,1,0,0,0,0
596,871,Arshdeep Bains,VAN,L,0.9852216748768473,0.6568144499178982,1.477832512315271,70.44334975369459,8,0,0,0,6
597,874,Marc Johnstone,PIT,R,43.18555008210181,73.89162561576354,1.1494252873563218,92.77504105090311,1,0,0,0,0
598,882,Jiri Kulich,BUF,C,77.504105090312,74.54844006568145,46.4696223316913,100.0,1,0,0,0,0
599,885,Fraser Minten,TOR,C,23.316912972085387,12.807881773399016,11.16584564860427,96.88013136288998,4,0,0,0,2
600,892,Matt Savoie,BUF,C,58.620689655172406,78.81773399014779,1.3136288998357963,99.67159277504105,1,0,0,0,0
601,895,Brian Halonen,N.J,L,89.32676518883416,91.29720853858785,5.41871921182266,98.35796387520526,2,0,0,0,0
602,897,Lucas Condotta,MTL,L,87.52052545155993,85.55008210180624,49.75369458128079,95.23809523809523,3,0,0,0,0
603,899,Georgii Merkulov,BOS,C,64.86042692939245,80.45977011494253,24.63054187192118,90.14778325123153,4,0,0,0,0
604,904,Pavol Regenda,ANA,L,35.63218390804598,7.8817733990147785,63.71100164203612,94.58128078817734,5,0,0,0,2
605,907,Pierrick Dube,WSH,R,21.839080459770116,9.0311986863711,17.569786535303777,96.71592775041051,3,0,0,0,2
606,910,Gavin Brindley,CBJ,C,79.63875205254516,76.35467980295566,0.6568144499178982,99.50738916256158,1,0,0,0,0
607,913,Bradly Nadeau,CAR,L,87.35632183908046,89.49096880131363,18.39080459770115,95.73070607553366,1,0,0,0,0
608,917,Ondrej Pavel,COL,C,54.02298850574713,20.525451559934318,11.001642036124796,98.19376026272579,2,0,0,0,2
